"STATION","LATITUDE","LONGITUDE","ELEVATION","DATE","TMAX","TMIN","TOBS"
"USC00284987","40.29696","-74.00153","9.1","2015-01-01","41","22","31"
"USC00284987","40.29696","-74.00153","9.1","2015-01-02","44","26","37"
"USC00284987","40.29696","-74.00153","9.1","2015-01-03","48","31","48"
"USC00284987","40.29696","-74.00153","9.1","2015-01-04","61","40","40"
"USC00284987","40.29696","-74.00153","9.1","2015-01-05","40","19","20"
"USC00284987","40.29696","-74.00153","9.1","2015-01-06","22","17","18"
"USC00284987","40.29696","-74.00153","9.1","2015-01-07","25","7","8"
"USC00284987","40.29696","-74.00153","9.1","2015-01-08","27","7","27"
"USC00284987","40.29696","-74.00153","9.1","2015-01-09","35","16","16"
"USC00284987","40.29696","-74.00153","9.1","2015-01-10","23","15","17"
"USC00284987","40.29696","-74.00153","9.1","2015-01-11","38","16","37"
"USC00284987","40.29696","-74.00153","9.1","2015-01-12","38","34","35"
"USC00284987","40.29696","-74.00153","9.1","2015-01-13","35","23","26"
"USC00284987","40.29696","-74.00153","9.1","2015-01-14","32","25","28"
"USC00284987","40.29696","-74.00153","9.1","2015-01-15","34","27","29"
"USC00284987","40.29696","-74.00153","9.1","2015-01-16","43","16","16"
"USC00284987","40.29696","-74.00153","9.1","2015-01-17","33","16","32"
"USC00284987","40.29696","-74.00153","9.1","2015-01-18","47","32","32"
"USC00284987","40.29696","-74.00153","9.1","2015-01-19","44","30","30"
"USC00284987","40.29696","-74.00153","9.1","2015-01-20","42","25","30"
"USC00284987","40.29696","-74.00153","9.1","2015-01-21","41","30","30"
"USC00284987","40.29696","-74.00153","9.1","2015-01-22","40","24","24"
"USC00284987","40.29696","-74.00153","9.1","2015-01-23","40","22","35"
"USC00284987","40.29696","-74.00153","9.1","2015-01-24","40","22","33"
"USC00284987","40.29696","-74.00153","9.1","2015-01-25","44","28","28"
"USC00284987","40.29696","-74.00153","9.1","2015-01-26","30","21","21"
"USC00284987","40.29696","-74.00153","9.1","2015-01-27","27","14","15"
"USC00284987","40.29696","-74.00153","9.1","2015-01-28","34","11","11"
"USC00284987","40.29696","-74.00153","9.1","2015-01-29","37","11","23"
"USC00284987","40.29696","-74.00153","9.1","2015-01-30","38","14","14"
"USC00284987","40.29696","-74.00153","9.1","2015-01-31","27","13","23"
"USC00284987","40.29696","-74.00153","9.1","2015-02-01","43","23","43"
"USC00284987","40.29696","-74.00153","9.1","2015-02-02","44","13","13"
"USC00284987","40.29696","-74.00153","9.1","2015-02-03","26","12","25"
"USC00284987","40.29696","-74.00153","9.1","2015-02-04","48","25","36"
"USC00284987","40.29696","-74.00153","9.1","2015-02-05","37","11","11"
"USC00284987","40.29696","-74.00153","9.1","2015-02-06","37","11","26"
"USC00284987","40.29696","-74.00153","9.1","2015-02-07","39","26","37"
"USC00284987","40.29696","-74.00153","9.1","2015-02-08","43","27","27"
"USC00284987","40.29696","-74.00153","9.1","2015-02-09","40","26","26"
"USC00284987","40.29696","-74.00153","9.1","2015-02-10","32","23","29"
"USC00284987","40.29696","-74.00153","9.1","2015-02-11","41","8","8"
"USC00284987","40.29696","-74.00153","9.1","2015-02-12","26","7","21"
"USC00284987","40.29696","-74.00153","9.1","2015-02-13","22","8","21"
"USC00284987","40.29696","-74.00153","9.1","2015-02-14","34","10","10"
"USC00284987","40.29696","-74.00153","9.1","2015-02-15","19","2","17"
"USC00284987","40.29696","-74.00153","9.1","2015-02-16","20","2","17"
"USC00284987","40.29696","-74.00153","9.1","2015-02-17","26","9","10"
"USC00284987","40.29696","-74.00153","9.1","2015-02-18","31","9","14"
"USC00284987","40.29696","-74.00153","9.1","2015-02-19","31","0","1"
"USC00284987","40.29696","-74.00153","9.1","2015-02-20","18","1","7"
"USC00284987","40.29696","-74.00153","9.1","2015-02-21","34","7","34"
"USC00284987","40.29696","-74.00153","9.1","2015-02-22","43","29","32"
"USC00284987","40.29696","-74.00153","9.1","2015-02-23","32","4","4"
"USC00284987","40.29696","-74.00153","9.1","2015-02-24","23","4","16"
"USC00284987","40.29696","-74.00153","9.1","2015-02-25","38","15","26"
"USC00284987","40.29696","-74.00153","9.1","2015-02-26","29","19","22"
"USC00284987","40.29696","-74.00153","9.1","2015-02-27","32","13","14"
"USC00284987","40.29696","-74.00153","9.1","2015-02-28","29","13","21"
"USC00284987","40.29696","-74.00153","9.1","2015-03-01","31","21","31"
"USC00284987","40.29696","-74.00153","9.1","2015-03-02","31","19","25"
"USC00284987","40.29696","-74.00153","9.1","2015-03-03","41","19","37"
"USC00284987","40.29696","-74.00153","9.1","2015-03-04","45","33","33"
"USC00284987","40.29696","-74.00153","9.1","2015-03-05","33","10","11"
"USC00284987","40.29696","-74.00153","9.1","2015-03-06","26","9","17"
"USC00284987","40.29696","-74.00153","9.1","2015-03-07","40","17","27"
"USC00284987","40.29696","-74.00153","9.1","2015-03-08","50","26","37"
"USC00284987","40.29696","-74.00153","9.1","2015-03-09","55","30","31"
"USC00284987","40.29696","-74.00153","9.1","2015-03-10","50","30","46"
"USC00284987","40.29696","-74.00153","9.1","2015-03-11","58","42","42"
"USC00284987","40.29696","-74.00153","9.1","2015-03-12","52","31","44"
"USC00284987","40.29696","-74.00153","9.1","2015-03-13","50","28","42"
"USC00284987","40.29696","-74.00153","9.1","2015-03-14","53","41","41"
"USC00284987","40.29696","-74.00153","9.1","2015-03-15","45","30","30"
"USC00284987","40.29696","-74.00153","9.1","2015-03-16","49","28","49"
"USC00284987","40.29696","-74.00153","9.1","2015-03-17","62","30","31"
"USC00284987","40.29696","-74.00153","9.1","2015-03-18","42","24","25"
"USC00284987","40.29696","-74.00153","9.1","2015-03-19","43","25","35"
"USC00284987","40.29696","-74.00153","9.1","2015-03-20","39","30","31"
"USC00284987","40.29696","-74.00153","9.1","2015-03-21","46","30","35"
"USC00284987","40.29696","-74.00153","9.1","2015-03-22","44","25","25"
"USC00284987","40.29696","-74.00153","9.1","2015-03-23","41","24","30"
"USC00284987","40.29696","-74.00153","9.1","2015-03-24","36","23","23"
"USC00284987","40.29696","-74.00153","9.1","2015-03-25","43","23","40"
"USC00284987","40.29696","-74.00153","9.1","2015-03-26","66","40","42"
"USC00284987","40.29696","-74.00153","9.1","2015-03-27","46","36","36"
"USC00284987","40.29696","-74.00153","9.1","2015-03-28","44","25","25"
"USC00284987","40.29696","-74.00153","9.1","2015-03-29","45","25","38"
"USC00284987","40.29696","-74.00153","9.1","2015-03-30","55","36","38"
"USC00284987","40.29696","-74.00153","9.1","2015-03-31","49","33","33"
"USC00284987","40.29696","-74.00153","9.1","2015-04-01","52","30","37"
"USC00284987","40.29696","-74.00153","9.1","2015-04-02","60","35","60"
"USC00284987","40.29696","-74.00153","9.1","2015-04-03","64","48","50"
"USC00284987","40.29696","-74.00153","9.1","2015-04-04","60","36","41"
"USC00284987","40.29696","-74.00153","9.1","2015-04-05","63","37","37"
"USC00284987","40.29696","-74.00153","9.1","2015-04-06","65","37","59"
"USC00284987","40.29696","-74.00153","9.1","2015-04-07","62","41","41"
"USC00284987","40.29696","-74.00153","9.1","2015-04-08","42","37","37"
"USC00284987","40.29696","-74.00153","9.1","2015-04-09","41","37","40"
"USC00284987","40.29696","-74.00153","9.1","2015-04-10","61","40","50"
"USC00284987","40.29696","-74.00153","9.1","2015-04-11","62","35","36"
"USC00284987","40.29696","-74.00153","9.1","2015-04-12","56","35","41"
"USC00284987","40.29696","-74.00153","9.1","2015-04-13","62","41","62"
"USC00284987","40.29696","-74.00153","9.1","2015-04-14","62","49","49"
"USC00284987","40.29696","-74.00153","9.1","2015-04-15","70","49","51"
"USC00284987","40.29696","-74.00153","9.1","2015-04-16","58","47","54"
"USC00284987","40.29696","-74.00153","9.1","2015-04-17","72","51","51"
"USC00284987","40.29696","-74.00153","9.1","2015-04-18","70","48","49"
"USC00284987","40.29696","-74.00153","9.1","2015-04-19","52","46","47"
"USC00284987","40.29696","-74.00153","9.1","2015-04-20","59","47","54"
"USC00284987","40.29696","-74.00153","9.1","2015-04-21","66","45","46"
"USC00284987","40.29696","-74.00153","9.1","2015-04-22","62","39","39"
"USC00284987","40.29696","-74.00153","9.1","2015-04-23","51","37","38"
"USC00284987","40.29696","-74.00153","9.1","2015-04-24","55","31","34"
"USC00284987","40.29696","-74.00153","9.1","2015-04-25","58","34","46"
"USC00284987","40.29696","-74.00153","9.1","2015-04-26","56","40","45"
"USC00284987","40.29696","-74.00153","9.1","2015-04-27","57","38","47"
"USC00284987","40.29696","-74.00153","9.1","2015-04-28","64","47","52"
"USC00284987","40.29696","-74.00153","9.1","2015-04-29","73","48","49"
"USC00284987","40.29696","-74.00153","9.1","2015-04-30","55","46","47"
"USC00284987","40.29696","-74.00153","9.1","2015-05-01","55","41","43"
"USC00284987","40.29696","-74.00153","9.1","2015-05-02","64","43","49"
"USC00284987","40.29696","-74.00153","9.1","2015-05-03","66","41","47"
"USC00284987","40.29696","-74.00153","9.1","2015-05-04","76","46","64"
"USC00284987","40.29696","-74.00153","9.1","2015-05-05","78","57","66"
"USC00284987","40.29696","-74.00153","9.1","2015-05-06","69","46","46"
"USC00284987","40.29696","-74.00153","9.1","2015-05-07","65","46","53"
"USC00284987","40.29696","-74.00153","9.1","2015-05-08","70","53","55"
"USC00284987","40.29696","-74.00153","9.1","2015-05-09","69","54","59"
"USC00284987","40.29696","-74.00153","9.1","2015-05-10","74","54","62"
"USC00284987","40.29696","-74.00153","9.1","2015-05-11","70","49","52"
"USC00284987","40.29696","-74.00153","9.1","2015-05-12","86","52","58"
"USC00284987","40.29696","-74.00153","9.1","2015-05-13","85","49","59"
"USC00284987","40.29696","-74.00153","9.1","2015-05-14","66","50","53"
"USC00284987","40.29696","-74.00153","9.1","2015-05-15","67","53","60"
"USC00284987","40.29696","-74.00153","9.1","2015-05-16","69","60","67"
"USC00284987","40.29696","-74.00153","9.1","2015-05-17","77","66","67"
"USC00284987","40.29696","-74.00153","9.1","2015-05-18","69","56","57"
"USC00284987","40.29696","-74.00153","9.1","2015-05-19","73","56","56"
"USC00284987","40.29696","-74.00153","9.1","2015-05-20","65","46","49"
"USC00284987","40.29696","-74.00153","9.1","2015-05-21","57","49","50"
"USC00284987","40.29696","-74.00153","9.1","2015-05-22","75","49","51"
"USC00284987","40.29696","-74.00153","9.1","2015-05-23","76","50","50"
"USC00284987","40.29696","-74.00153","9.1","2015-05-24","71","50","59"
"USC00284987","40.29696","-74.00153","9.1","2015-05-25","79","58","63"
"USC00284987","40.29696","-74.00153","9.1","2015-05-26","79","63","65"
"USC00284987","40.29696","-74.00153","9.1","2015-05-27","78","57","59"
"USC00284987","40.29696","-74.00153","9.1","2015-05-28","84","57","65"
"USC00284987","40.29696","-74.00153","9.1","2015-05-29","75","62","67"
"USC00284987","40.29696","-74.00153","9.1","2015-05-30","76","67","70"
"USC00284987","40.29696","-74.00153","9.1","2015-05-31","82","56","57"
"USC00284987","40.29696","-74.00153","9.1","2015-06-01","65","50","51"
"USC00284987","40.29696","-74.00153","9.1","2015-06-02","55","51","52"
"USC00284987","40.29696","-74.00153","9.1","2015-06-03","60","52","55"
"USC00284987","40.29696","-74.00153","9.1","2015-06-04","62","54","54"
"USC00284987","40.29696","-74.00153","9.1","2015-06-05","61","54","60"
"USC00284987","40.29696","-74.00153","9.1","2015-06-06","78","51","55"
"USC00284987","40.29696","-74.00153","9.1","2015-06-07","66","55","63"
"USC00284987","40.29696","-74.00153","9.1","2015-06-08","73","62","67"
"USC00284987","40.29696","-74.00153","9.1","2015-06-09","84","60","60"
"USC00284987","40.29696","-74.00153","9.1","2015-06-10","77","60","67"
"USC00284987","40.29696","-74.00153","9.1","2015-06-11","91","67","73"
"USC00284987","40.29696","-74.00153","9.1","2015-06-12","84","73","77"
"USC00284987","40.29696","-74.00153","9.1","2015-06-13","87","65","70"
"USC00284987","40.29696","-74.00153","9.1","2015-06-14","78","63","70"
"USC00284987","40.29696","-74.00153","9.1","2015-06-15","80","65","65"
"USC00284987","40.29696","-74.00153","9.1","2015-06-16","77","64","72"
"USC00284987","40.29696","-74.00153","9.1","2015-06-17","76","65","65"
"USC00284987","40.29696","-74.00153","9.1","2015-06-18","67","62","66"
"USC00284987","40.29696","-74.00153","9.1","2015-06-19","86","66","68"
"USC00284987","40.29696","-74.00153","9.1","2015-06-20","72","68","71"
"USC00284987","40.29696","-74.00153","9.1","2015-06-21","88","70","70"
"USC00284987","40.29696","-74.00153","9.1","2015-06-22","89","70","77"
"USC00284987","40.29696","-74.00153","9.1","2015-06-23","92","67","67"
"USC00284987","40.29696","-74.00153","9.1","2015-06-24","84","61","61"
"USC00284987","40.29696","-74.00153","9.1","2015-06-25","78","60","68"
"USC00284987","40.29696","-74.00153","9.1","2015-06-26","78","66","69"
"USC00284987","40.29696","-74.00153","9.1","2015-06-27","70","63","66"
"USC00284987","40.29696","-74.00153","9.1","2015-06-28","76","61","61"
"USC00284987","40.29696","-74.00153","9.1","2015-06-29","78","61","62"
"USC00284987","40.29696","-74.00153","9.1","2015-06-30","77","62","67"
"USC00284987","40.29696","-74.00153","9.1","2015-07-01","84","63","63"
"USC00284987","40.29696","-74.00153","9.1","2015-07-02","76","61","63"
"USC00284987","40.29696","-74.00153","9.1","2015-07-03","78","63","70"
"USC00284987","40.29696","-74.00153","9.1","2015-07-04","77","65","66"
"USC00284987","40.29696","-74.00153","9.1","2015-07-05","79","66","67"
"USC00284987","40.29696","-74.00153","9.1","2015-07-06","78","67","74"
"USC00284987","40.29696","-74.00153","9.1","2015-07-07","87","74","77"
"USC00284987","40.29696","-74.00153","9.1","2015-07-08","88","72","73"
"USC00284987","40.29696","-74.00153","9.1","2015-07-09","75","70","70"
"USC00284987","40.29696","-74.00153","9.1","2015-07-10","85","67","69"
"USC00284987","40.29696","-74.00153","9.1","2015-07-11","81","67","69"
"USC00284987","40.29696","-74.00153","9.1","2015-07-12","83","68","68"
"USC00284987","40.29696","-74.00153","9.1","2015-07-13","81","68","69"
"USC00284987","40.29696","-74.00153","9.1","2015-07-14","80","67","70"
"USC00284987","40.29696","-74.00153","9.1","2015-07-15","79","67","67"
"USC00284987","40.29696","-74.00153","9.1","2015-07-16","75","59","59"
"USC00284987","40.29696","-74.00153","9.1","2015-07-17","77","59","68"
"USC00284987","40.29696","-74.00153","9.1","2015-07-18","82","68","75"
"USC00284987","40.29696","-74.00153","9.1","2015-07-19","87","75","79"
"USC00284987","40.29696","-74.00153","9.1","2015-07-20","94","77","77"
"USC00284987","40.29696","-74.00153","9.1","2015-07-21","87","65","65"
"USC00284987","40.29696","-74.00153","9.1","2015-07-22","85","64","64"
"USC00284987","40.29696","-74.00153","9.1","2015-07-23","83","63","65"
"USC00284987","40.29696","-74.00153","9.1","2015-07-24","84","63","68"
"USC00284987","40.29696","-74.00153","9.1","2015-07-25","80","68","70"
"USC00284987","40.29696","-74.00153","9.1","2015-07-26","85","70","70"
"USC00284987","40.29696","-74.00153","9.1","2015-07-27","85","70","71"
"USC00284987","40.29696","-74.00153","9.1","2015-07-28","86","71","73"
"USC00284987","40.29696","-74.00153","9.1","2015-07-29","90","73","76"
"USC00284987","40.29696","-74.00153","9.1","2015-07-30","85","70","70"
"USC00284987","40.29696","-74.00153","9.1","2015-07-31","88","70","70"
"USC00284987","40.29696","-74.00153","9.1","2015-08-01","90","66","70"
"USC00284987","40.29696","-74.00153","9.1","2015-08-02","84","69","69"
"USC00284987","40.29696","-74.00153","9.1","2015-08-03","90","69","73"
"USC00284987","40.29696","-74.00153","9.1","2015-08-04","91","66","67"
"USC00284987","40.29696","-74.00153","9.1","2015-08-05","89","62","62"
"USC00284987","40.29696","-74.00153","9.1","2015-08-06","80","62","67"
"USC00284987","40.29696","-74.00153","9.1","2015-08-07","80","66","71"
"USC00284987","40.29696","-74.00153","9.1","2015-08-08","78","63","64"
"USC00284987","40.29696","-74.00153","9.1","2015-08-09","80","64","68"
"USC00284987","40.29696","-74.00153","9.1","2015-08-10","78","68","73"
"USC00284987","40.29696","-74.00153","9.1","2015-08-11","81","67","67"
"USC00284987","40.29696","-74.00153","9.1","2015-08-12","84","64","64"
"USC00284987","40.29696","-74.00153","9.1","2015-08-13","82","60","60"
"USC00284987","40.29696","-74.00153","9.1","2015-08-14","83","60","69"
"USC00284987","40.29696","-74.00153","9.1","2015-08-15","87","68","70"
"USC00284987","40.29696","-74.00153","9.1","2015-08-16","90","70","72"
"USC00284987","40.29696","-74.00153","9.1","2015-08-17","86","72","73"
"USC00284987","40.29696","-74.00153","9.1","2015-08-18","83","73","75"
"USC00284987","40.29696","-74.00153","9.1","2015-08-19","82","75","76"
"USC00284987","40.29696","-74.00153","9.1","2015-08-20","84","72","73"
"USC00284987","40.29696","-74.00153","9.1","2015-08-21","86","70","70"
"USC00284987","40.29696","-74.00153","9.1","2015-08-22","83","63","66"
"USC00284987","40.29696","-74.00153","9.1","2015-08-23","79","65","66"
"USC00284987","40.29696","-74.00153","9.1","2015-08-24","81","66","73"
"USC00284987","40.29696","-74.00153","9.1","2015-08-25","81","61","61"
"USC00284987","40.29696","-74.00153","9.1","2015-08-26","81","60","60"
"USC00284987","40.29696","-74.00153","9.1","2015-08-27","80","59","59"
"USC00284987","40.29696","-74.00153","9.1","2015-08-28","71","59","68"
"USC00284987","40.29696","-74.00153","9.1","2015-08-29","80","68","69"
"USC00284987","40.29696","-74.00153","9.1","2015-08-30","85","69","75"
"USC00284987","40.29696","-74.00153","9.1","2015-08-31","89","72","72"
"USC00284987","40.29696","-74.00153","9.1","2015-09-01","83","68","70"
"USC00284987","40.29696","-74.00153","9.1","2015-09-02","82","69","70"
"USC00284987","40.29696","-74.00153","9.1","2015-09-03","87","70","72"
"USC00284987","40.29696","-74.00153","9.1","2015-09-04","79","69","69"
"USC00284987","40.29696","-74.00153","9.1","2015-09-05","76","57","57"
"USC00284987","40.29696","-74.00153","9.1","2015-09-06","77","57","66"
"USC00284987","40.29696","-74.00153","9.1","2015-09-07","85","65","71"
"USC00284987","40.29696","-74.00153","9.1","2015-09-08","90","71","74"
"USC00284987","40.29696","-74.00153","9.1","2015-09-09","84","73","74"
"USC00284987","40.29696","-74.00153","9.1","2015-09-10","77","66","67"
"USC00284987","40.29696","-74.00153","9.1","2015-09-11","80","64","64"
"USC00284987","40.29696","-74.00153","9.1","2015-09-12","78","64","67"
"USC00284987","40.29696","-74.00153","9.1","2015-09-13","78","55","55"
"USC00284987","40.29696","-74.00153","9.1","2015-09-14","76","55","57"
"USC00284987","40.29696","-74.00153","9.1","2015-09-15","77","55","57"
"USC00284987","40.29696","-74.00153","9.1","2015-09-16","80","57","60"
"USC00284987","40.29696","-74.00153","9.1","2015-09-17","80","59","60"
"USC00284987","40.29696","-74.00153","9.1","2015-09-18","78","60","66"
"USC00284987","40.29696","-74.00153","9.1","2015-09-19","78","66","70"
"USC00284987","40.29696","-74.00153","9.1","2015-09-20","79","62","62"
"USC00284987","40.29696","-74.00153","9.1","2015-09-21","71","62","64"
"USC00284987","40.29696","-74.00153","9.1","2015-09-22","71","63","63"
"USC00284987","40.29696","-74.00153","9.1","2015-09-23","74","52","52"
"USC00284987","40.29696","-74.00153","9.1","2015-09-24","77","52","66"
"USC00284987","40.29696","-74.00153","9.1","2015-09-25","73","64","64"
"USC00284987","40.29696","-74.00153","9.1","2015-09-26","73","60","60"
"USC00284987","40.29696","-74.00153","9.1","2015-09-27","67","60","66"
"USC00284987","40.29696","-74.00153","9.1","2015-09-28","75","66","66"
"USC00284987","40.29696","-74.00153","9.1","2015-09-29","77","66","73"
"USC00284987","40.29696","-74.00153","9.1","2015-09-30","79","57","57"
"USC00284987","40.29696","-74.00153","9.1","2015-10-01","60","55","55"
"USC00284987","40.29696","-74.00153","9.1","2015-10-02","55","50","53"
"USC00284987","40.29696","-74.00153","9.1","2015-10-03","57","53","57"
"USC00284987","40.29696","-74.00153","9.1","2015-10-04","62","54","54"
"USC00284987","40.29696","-74.00153","9.1","2015-10-05","65","48","49"
"USC00284987","40.29696","-74.00153","9.1","2015-10-06","73","49","54"
"USC00284987","40.29696","-74.00153","9.1","2015-10-07","67","51","51"
"USC00284987","40.29696","-74.00153","9.1","2015-10-08","66","51","61"
"USC00284987","40.29696","-74.00153","9.1","2015-10-09","79","52","52"
"USC00284987","40.29696","-74.00153","9.1","2015-10-10","62","42","42"
"USC00284987","40.29696","-74.00153","9.1","2015-10-11","69","42","50"
"USC00284987","40.29696","-74.00153","9.1","2015-10-12","72","49","60"
"USC00284987","40.29696","-74.00153","9.1","2015-10-13","75","54","54"
"USC00284987","40.29696","-74.00153","9.1","2015-10-14","67","47","47"
"USC00284987","40.29696","-74.00153","9.1","2015-10-15","64","46","52"
"USC00284987","40.29696","-74.00153","9.1","2015-10-16","66","45","45"
"USC00284987","40.29696","-74.00153","9.1","2015-10-17","56","34","34"
"USC00284987","40.29696","-74.00153","9.1","2015-10-18","50","30","30"
"USC00284987","40.29696","-74.00153","9.1","2015-10-19","52","30","45"
"USC00284987","40.29696","-74.00153","9.1","2015-10-20","71","45","50"
"USC00284987","40.29696","-74.00153","9.1","2015-10-21","71","50","53"
"USC00284987","40.29696","-74.00153","9.1","2015-10-22","76","52","52"
"USC00284987","40.29696","-74.00153","9.1","2015-10-23","62","47","50"
"USC00284987","40.29696","-74.00153","9.1","2015-10-24","59","49","58"
"USC00284987","40.29696","-74.00153","9.1","2015-10-25","65","43","43"
"USC00284987","40.29696","-74.00153","9.1","2015-10-26","59","37","37"
"USC00284987","40.29696","-74.00153","9.1","2015-10-27","59","37","59"
"USC00284987","40.29696","-74.00153","9.1","2015-10-28","69","59","63"
"USC00284987","40.29696","-74.00153","9.1","2015-10-29","73","48","48"
"USC00284987","40.29696","-74.00153","9.1","2015-10-30","62","36","36"
"USC00284987","40.29696","-74.00153","9.1","2015-10-31","56","35","56"
"USC00284987","40.29696","-74.00153","9.1","2015-11-01","65","53","53"
"USC00284987","40.29696","-74.00153","9.1","2015-11-02","63","43","43"
"USC00284987","40.29696","-74.00153","9.1","2015-11-03","74","43","47"
"USC00284987","40.29696","-74.00153","9.1","2015-11-04","65","46","51"
"USC00284987","40.29696","-74.00153","9.1","2015-11-05","67","51","64"
"USC00284987","40.29696","-74.00153","9.1","2015-11-06","76","57","58"
"USC00284987","40.29696","-74.00153","9.1","2015-11-07","66","45","45"
"USC00284987","40.29696","-74.00153","9.1","2015-11-08","59","34","34"
"USC00284987","40.29696","-74.00153","9.1","2015-11-09","59","34","59"
"USC00284987","40.29696","-74.00153","9.1","2015-11-10","60","50","53"
"USC00284987","40.29696","-74.00153","9.1","2015-11-11","59","50","55"
"USC00284987","40.29696","-74.00153","9.1","2015-11-12","58","51","52"
"USC00284987","40.29696","-74.00153","9.1","2015-11-13","60","43","44"
"USC00284987","40.29696","-74.00153","9.1","2015-11-14","51","35","37"
"USC00284987","40.29696","-74.00153","9.1","2015-11-15","60","36","41"
"USC00284987","40.29696","-74.00153","9.1","2015-11-16","69","40","46"
"USC00284987","40.29696","-74.00153","9.1","2015-11-17","52","46","52"
"USC00284987","40.29696","-74.00153","9.1","2015-11-18","58","51","58"
"USC00284987","40.29696","-74.00153","9.1","2015-11-19","60","51","51"
"USC00284987","40.29696","-74.00153","9.1","2015-11-20","63","44","48"
"USC00284987","40.29696","-74.00153","9.1","2015-11-21","56","43","53"
"USC00284987","40.29696","-74.00153","9.1","2015-11-22","53","32","32"
"USC00284987","40.29696","-74.00153","9.1","2015-11-23","44","25","28"
"USC00284987","40.29696","-74.00153","9.1","2015-11-24","48","27","27"
"USC00284987","40.29696","-74.00153","9.1","2015-11-25","49","27","32"
"USC00284987","40.29696","-74.00153","9.1","2015-11-27","67","32","53"
"USC00284987","40.29696","-74.00153","9.1","2015-11-28","60","41","41"
"USC00284987","40.29696","-74.00153","9.1","2015-11-29","47","37","40"
"USC00284987","40.29696","-74.00153","9.1","2015-11-30","52","40","52"
"USC00284987","40.29696","-74.00153","9.1","2015-12-01","54","49","51"
"USC00284987","40.29696","-74.00153","9.1","2015-12-02","58","48","48"
"USC00284987","40.29696","-74.00153","9.1","2015-12-03","49","34","34"
"USC00284987","40.29696","-74.00153","9.1","2015-12-04","53","31","31"
"USC00284987","40.29696","-74.00153","9.1","2015-12-05","50","30","30"
"USC00284987","40.29696","-74.00153","9.1","2015-12-06","55","30","38"
"USC00284987","40.29696","-74.00153","9.1","2015-12-07","57","36","42"
"USC00284987","40.29696","-74.00153","9.1","2015-12-08","50","31","36"
"USC00284987","40.29696","-74.00153","9.1","2015-12-09","54","36","51"
"USC00284987","40.29696","-74.00153","9.1","2015-12-10","59","44","45"
"USC00284987","40.29696","-74.00153","9.1","2015-12-11","64","45","47"
"USC00284987","40.29696","-74.00153","9.1","2015-12-12","65","46","53"
"USC00284987","40.29696","-74.00153","9.1","2015-12-13","69","52","53"
"USC00284987","40.29696","-74.00153","9.1","2015-12-14","66","53","60"
"USC00284987","40.29696","-74.00153","9.1","2015-12-15","61","46","46"
"USC00284987","40.29696","-74.00153","9.1","2015-12-16","54","43","54"
"USC00284987","40.29696","-74.00153","9.1","2015-12-17","59","52","52"
"USC00284987","40.29696","-74.00153","9.1","2015-12-18","52","33","33"
"USC00284987","40.29696","-74.00153","9.1","2015-12-19","41","31","31"
"USC00284987","40.29696","-74.00153","9.1","2015-12-20","43","30","43"
"USC00284987","40.29696","-74.00153","9.1","2015-12-21","57","42","56"
"USC00284987","40.29696","-74.00153","9.1","2015-12-22","61","48","51"
"USC00284987","40.29696","-74.00153","9.1","2015-12-23","66","51","58"
"USC00284987","40.29696","-74.00153","9.1","2015-12-24","72","57","62"
"USC00284987","40.29696","-74.00153","9.1","2015-12-25","65","53","53"
"USC00284987","40.29696","-74.00153","9.1","2015-12-26","54","50","54"
"USC00284987","40.29696","-74.00153","9.1","2015-12-27","65","41","41"
"USC00284987","40.29696","-74.00153","9.1","2015-12-28","49","41","49"
"USC00284987","40.29696","-74.00153","9.1","2015-12-29","53","42","44"
"USC00284987","40.29696","-74.00153","9.1","2015-12-30","53","44","46"
"USC00284987","40.29696","-74.00153","9.1","2015-12-31","51","38","38"
"USC00284987","40.29696","-74.00153","9.1","2016-01-01","49","34","37"
"USC00284987","40.29696","-74.00153","9.1","2016-01-02","42","26","34"
"USC00284987","40.29696","-74.00153","9.1","2016-01-03","49","31","32"
"USC00284987","40.29696","-74.00153","9.1","2016-01-04","33","14","14"
"USC00284987","40.29696","-74.00153","9.1","2016-01-05","31","14","15"
"USC00284987","40.29696","-74.00153","9.1","2016-01-06","42","15","27"
"USC00284987","40.29696","-74.00153","9.1","2016-01-07","47","25","40"
"USC00284987","40.29696","-74.00153","9.1","2016-01-08","46","38","44"
"USC00284987","40.29696","-74.00153","9.1","2016-01-09","53","44","53"
"USC00284987","40.29696","-74.00153","9.1","2016-01-10","59","31","31"
"USC00284987","40.29696","-74.00153","9.1","2016-01-11","35","19","20"
"USC00284987","40.29696","-74.00153","9.1","2016-01-12","45","19","22"
"USC00284987","40.29696","-74.00153","9.1","2016-01-13","29","21","23"
"USC00284987","40.29696","-74.00153","9.1","2016-01-14","41","23","29"
"USC00284987","40.29696","-74.00153","9.1","2016-01-15","51","28","43"
"USC00284987","40.29696","-74.00153","9.1","2016-01-16","53","32","33"
"USC00284987","40.29696","-74.00153","9.1","2016-01-17","37","22","22"
"USC00284987","40.29696","-74.00153","9.1","2016-01-18","27","14","14"
"USC00284987","40.29696","-74.00153","9.1","2016-01-19","28","14","23"
"USC00284987","40.29696","-74.00153","9.1","2016-01-20","38","22","26"
"USC00284987","40.29696","-74.00153","9.1","2016-01-21","37","20","20"
"USC00284987","40.29696","-74.00153","9.1","2016-01-22","31","19","31"
"USC00284987","40.29696","-74.00153","9.1","2016-01-23","31","20","21"
"USC00284987","40.29696","-74.00153","9.1","2016-01-24","29","14","14"
"USC00284987","40.29696","-74.00153","9.1","2016-01-25","37","14","37"
"USC00284987","40.29696","-74.00153","9.1","2016-01-26","53","14","42"
"USC00284987","40.29696","-74.00153","9.1","2016-01-27","45","22","22"
"USC00284987","40.29696","-74.00153","9.1","2016-01-28","46","22","29"
"USC00284987","40.29696","-74.00153","9.1","2016-01-29","41","27","27"
"USC00284987","40.29696","-74.00153","9.1","2016-01-30","43","27","32"
"USC00284987","40.29696","-74.00153","9.1","2016-01-31","57","32","40"
"USC00284987","40.29696","-74.00153","9.1","2016-02-01","60","32","32"
"USC00284987","40.29696","-74.00153","9.1","2016-02-02","48","32","45"
"USC00284987","40.29696","-74.00153","9.1","2016-02-03","58","45","51"
"USC00284987","40.29696","-74.00153","9.1","2016-02-04","58","32","33"
"USC00284987","40.29696","-74.00153","9.1","2016-02-05","39","20","20"
"USC00284987","40.29696","-74.00153","9.1","2016-02-06","41","20","27"
"USC00284987","40.29696","-74.00153","9.1","2016-02-07","42","27","38"
"USC00284987","40.29696","-74.00153","9.1","2016-02-08","38","29","31"
"USC00284987","40.29696","-74.00153","9.1","2016-02-09","33","30","31"
"USC00284987","40.29696","-74.00153","9.1","2016-02-10","38","22","22"
"USC00284987","40.29696","-74.00153","9.1","2016-02-11","26","13","14"
"USC00284987","40.29696","-74.00153","9.1","2016-02-12","27","14","20"
"USC00284987","40.29696","-74.00153","9.1","2016-02-13","24","3","3"
"USC00284987","40.29696","-74.00153","9.1","2016-02-14","18","3","16"
"USC00284987","40.29696","-74.00153","9.1","2016-02-15","49","16","46"
"USC00284987","40.29696","-74.00153","9.1","2016-02-16","53","31","31"
"USC00284987","40.29696","-74.00153","9.1","2016-02-17","41","28","29"
"USC00284987","40.29696","-74.00153","9.1","2016-02-18","37","20","21"
"USC00284987","40.29696","-74.00153","9.1","2016-02-19","44","21","44"
"USC00284987","40.29696","-74.00153","9.1","2016-02-20","63","39","40"
"USC00284987","40.29696","-74.00153","9.1","2016-02-21","58","36","36"
"USC00284987","40.29696","-74.00153","9.1","2016-02-22","47","34","39"
"USC00284987","40.29696","-74.00153","9.1","2016-02-23","42","38","42"
"USC00284987","40.29696","-74.00153","9.1","2016-02-24","61","41","46"
"USC00284987","40.29696","-74.00153","9.1","2016-02-25","53","34","34"
"USC00284987","40.29696","-74.00153","9.1","2016-02-26","40","23","24"
"USC00284987","40.29696","-74.00153","9.1","2016-02-27","41","24","39"
"USC00284987","40.29696","-74.00153","9.1","2016-02-28","62","38","47"
"USC00284987","40.29696","-74.00153","9.1","2016-02-29","48","40","42"
"USC00284987","40.29696","-74.00153","9.1","2016-03-01","49","41","49"
"USC00284987","40.29696","-74.00153","9.1","2016-03-02","50","26","26"
"USC00284987","40.29696","-74.00153","9.1","2016-03-03","36","25","31"
"USC00284987","40.29696","-74.00153","9.1","2016-03-04","37","26","28"
"USC00284987","40.29696","-74.00153","9.1","2016-03-05","37","28","32"
"USC00284987","40.29696","-74.00153","9.1","2016-03-06","42","28","33"
"USC00284987","40.29696","-74.00153","9.1","2016-03-07","62","32","48"
"USC00284987","40.29696","-74.00153","9.1","2016-03-08","60","36","38"
"USC00284987","40.29696","-74.00153","9.1","2016-03-09","67","38","61"
"USC00284987","40.29696","-74.00153","9.1","2016-03-10","81","56","56"
"USC00284987","40.29696","-74.00153","9.1","2016-03-11","67","40","44"
"USC00284987","40.29696","-74.00153","9.1","2016-03-12","58","44","49"
"USC00284987","40.29696","-74.00153","9.1","2016-03-13","61","46","46"
"USC00284987","40.29696","-74.00153","9.1","2016-03-14","47","41","44"
"USC00284987","40.29696","-74.00153","9.1","2016-03-15","54","40","40"
"USC00284987","40.29696","-74.00153","9.1","2016-03-16","54","39","40"
"USC00284987","40.29696","-74.00153","9.1","2016-03-17","65","40","47"
"USC00284987","40.29696","-74.00153","9.1","2016-03-18","62","37","37"
"USC00284987","40.29696","-74.00153","9.1","2016-03-19","46","36","37"
"USC00284987","40.29696","-74.00153","9.1","2016-03-20","40","32","32"
"USC00284987","40.29696","-74.00153","9.1","2016-03-21","51","30","31"
"USC00284987","40.29696","-74.00153","9.1","2016-03-22","56","30","50"
"USC00284987","40.29696","-74.00153","9.1","2016-03-23","53","30","44"
"USC00284987","40.29696","-74.00153","9.1","2016-03-24","55","33","38"
"USC00284987","40.29696","-74.00153","9.1","2016-03-25","72","38","39"
"USC00284987","40.29696","-74.00153","9.1","2016-03-26","48","39","43"
"USC00284987","40.29696","-74.00153","9.1","2016-03-27","47","43","44"
"USC00284987","40.29696","-74.00153","9.1","2016-03-28","64","44","45"
"USC00284987","40.29696","-74.00153","9.1","2016-03-29","64","31","31"
"USC00284987","40.29696","-74.00153","9.1","2016-03-30","54","30","54"
"USC00284987","40.29696","-74.00153","9.1","2016-03-31","69","54","64"
"USC00284987","40.29696","-74.00153","9.1","2016-04-01","78","51","51"
"USC00284987","40.29696","-74.00153","9.1","2016-04-02","52","37","37"
"USC00284987","40.29696","-74.00153","9.1","2016-04-03","44","35","44"
"USC00284987","40.29696","-74.00153","9.1","2016-04-04","59","29","29"
"USC00284987","40.29696","-74.00153","9.1","2016-04-05","44","26","26"
"USC00284987","40.29696","-74.00153","9.1","2016-04-06","54","26","53"
"USC00284987","40.29696","-74.00153","9.1","2016-04-07","61","43","43"
"USC00284987","40.29696","-74.00153","9.1","2016-04-08","48","31","41"
"USC00284987","40.29696","-74.00153","9.1","2016-04-09","44","30","30"
"USC00284987","40.29696","-74.00153","9.1","2016-04-10","46","30","46"
"USC00284987","40.29696","-74.00153","9.1","2016-04-11","58","46","54"
"USC00284987","40.29696","-74.00153","9.1","2016-04-12","60","37","37"
"USC00284987","40.29696","-74.00153","9.1","2016-04-13","59","33","33"
"USC00284987","40.29696","-74.00153","9.1","2016-04-14","53","33","34"
"USC00284987","40.29696","-74.00153","9.1","2016-04-15","54","34","39"
"USC00284987","40.29696","-74.00153","9.1","2016-04-16","59","37","41"
"USC00284987","40.29696","-74.00153","9.1","2016-04-17","61","40","40"
"USC00284987","40.29696","-74.00153","9.1","2016-04-18","75","40","55"
"USC00284987","40.29696","-74.00153","9.1","2016-04-19","74","48","48"
"USC00284987","40.29696","-74.00153","9.1","2016-04-20","61","44","44"
"USC00284987","40.29696","-74.00153","9.1","2016-04-21","66","43","53"
"USC00284987","40.29696","-74.00153","9.1","2016-04-22","76","52","61"
"USC00284987","40.29696","-74.00153","9.1","2016-04-23","69","48","49"
"USC00284987","40.29696","-74.00153","9.1","2016-04-24","58","46","48"
"USC00284987","40.29696","-74.00153","9.1","2016-04-25","63","48","53"
"USC00284987","40.29696","-74.00153","9.1","2016-04-26","74","47","47"
"USC00284987","40.29696","-74.00153","9.1","2016-04-27","52","44","49"
"USC00284987","40.29696","-74.00153","9.1","2016-04-28","55","42","48"
"USC00284987","40.29696","-74.00153","9.1","2016-04-29","50","46","47"
"USC00284987","40.29696","-74.00153","9.1","2016-04-30","54","47","49"
"USC00284987","40.29696","-74.00153","9.1","2016-05-01","49","45","47"
"USC00284987","40.29696","-74.00153","9.1","2016-05-02","54","47","52"
"USC00284987","40.29696","-74.00153","9.1","2016-05-03","54","46","48"
"USC00284987","40.29696","-74.00153","9.1","2016-05-04","49","46","47"
"USC00284987","40.29696","-74.00153","9.1","2016-05-05","55","47","47"
"USC00284987","40.29696","-74.00153","9.1","2016-05-06","49","47","48"
"USC00284987","40.29696","-74.00153","9.1","2016-05-07","54","46","49"
"USC00284987","40.29696","-74.00153","9.1","2016-05-08","69","41","52"
"USC00284987","40.29696","-74.00153","9.1","2016-05-09","71","51","52"
"USC00284987","40.29696","-74.00153","9.1","2016-05-10","60","47","51"
"USC00284987","40.29696","-74.00153","9.1","2016-05-11","66","49","54"
"USC00284987","40.29696","-74.00153","9.1","2016-05-12","65","51","56"
"USC00284987","40.29696","-74.00153","9.1","2016-05-13","65","55","56"
"USC00284987","40.29696","-74.00153","9.1","2016-05-14","69","47","48"
"USC00284987","40.29696","-74.00153","9.1","2016-05-15","57","40","41"
"USC00284987","40.29696","-74.00153","9.1","2016-05-16","66","41","54"
"USC00284987","40.29696","-74.00153","9.1","2016-05-17","67","50","50"
"USC00284987","40.29696","-74.00153","9.1","2016-05-18","61","50","52"
"USC00284987","40.29696","-74.00153","9.1","2016-05-19","62","48","50"
"USC00284987","40.29696","-74.00153","9.1","2016-05-20","71","50","53"
"USC00284987","40.29696","-74.00153","9.1","2016-05-21","58","53","53"
"USC00284987","40.29696","-74.00153","9.1","2016-05-22","63","51","53"
"USC00284987","40.29696","-74.00153","9.1","2016-05-23","67","52","57"
"USC00284987","40.29696","-74.00153","9.1","2016-05-24","77","54","55"
"USC00284987","40.29696","-74.00153","9.1","2016-05-25","88","55","67"
"USC00284987","40.29696","-74.00153","9.1","2016-05-26","86","63","65"
"USC00284987","40.29696","-74.00153","9.1","2016-05-27","76","65","69"
"USC00284987","40.29696","-74.00153","9.1","2016-05-28","87","66","69"
"USC00284987","40.29696","-74.00153","9.1","2016-05-29","79","64","68"
"USC00284987","40.29696","-74.00153","9.1","2016-05-30","77","66","69"
"USC00284987","40.29696","-74.00153","9.1","2016-05-31","78","63","67"
"USC00284987","40.29696","-74.00153","9.1","2016-06-01","78","60","60"
"USC00284987","40.29696","-74.00153","9.1","2016-06-02","64","60","61"
"USC00284987","40.29696","-74.00153","9.1","2016-06-03","66","61","65"
"USC00284987","40.29696","-74.00153","9.1","2016-06-04","75","64","65"
"USC00284987","40.29696","-74.00153","9.1","2016-06-05","74","64","66"
"USC00284987","40.29696","-74.00153","9.1","2016-06-06","86","66","70"
"USC00284987","40.29696","-74.00153","9.1","2016-06-07","86","57","57"
"USC00284987","40.29696","-74.00153","9.1","2016-06-08","69","52","52"
"USC00284987","40.29696","-74.00153","9.1","2016-06-09","73","52","53"
"USC00284987","40.29696","-74.00153","9.1","2016-06-10","79","53","58"
"USC00284987","40.29696","-74.00153","9.1","2016-06-11","87","58","77"
"USC00284987","40.29696","-74.00153","9.1","2016-06-12","88","58","58"
"USC00284987","40.29696","-74.00153","9.1","2016-06-13","78","58","59"
"USC00284987","40.29696","-74.00153","9.1","2016-06-14","80","57","57"
"USC00284987","40.29696","-74.00153","9.1","2016-06-15","81","57","66"
"USC00284987","40.29696","-74.00153","9.1","2016-06-16","71","61","61"
"USC00284987","40.29696","-74.00153","9.1","2016-06-17","76","52","53"
"USC00284987","40.29696","-74.00153","9.1","2016-06-18","78","53","66"
"USC00284987","40.29696","-74.00153","9.1","2016-06-19","79","63","63"
"USC00284987","40.29696","-74.00153","9.1","2016-06-20","78","63","64"
"USC00284987","40.29696","-74.00153","9.1","2016-06-21","84","64","64"
"USC00284987","40.29696","-74.00153","9.1","2016-06-22","88","64","69"
"USC00284987","40.29696","-74.00153","9.1","2016-06-23","78","66","67"
"USC00284987","40.29696","-74.00153","9.1","2016-06-24","74","66","66"
"USC00284987","40.29696","-74.00153","9.1","2016-06-25","78","59","61"
"USC00284987","40.29696","-74.00153","9.1","2016-06-26","77","61","61"
"USC00284987","40.29696","-74.00153","9.1","2016-06-27","78","61","68"
"USC00284987","40.29696","-74.00153","9.1","2016-06-28","74","66","69"
"USC00284987","40.29696","-74.00153","9.1","2016-06-29","69","64","64"
"USC00284987","40.29696","-74.00153","9.1","2016-06-30","79","64","70"
"USC00284987","40.29696","-74.00153","9.1","2016-07-01",,"65","69"
"USC00284987","40.29696","-74.00153","9.1","2016-07-02",,"63","64"
"USC00284987","40.29696","-74.00153","9.1","2016-07-03","83","64","67"
"USC00284987","40.29696","-74.00153","9.1","2016-07-04","78","62","73"
"USC00284987","40.29696","-74.00153","9.1","2016-07-05","87","71","72"
"USC00284987","40.29696","-74.00153","9.1","2016-07-06","86","72","75"
"USC00284987","40.29696","-74.00153","9.1","2016-07-07","89","73","74"
"USC00284987","40.29696","-74.00153","9.1","2016-07-08","84","68","68"
"USC00284987","40.29696","-74.00153","9.1","2016-07-09",,"67","69"
"USC00284987","40.29696","-74.00153","9.1","2016-07-10",,"63","63"
"USC00284987","40.29696","-74.00153","9.1","2016-07-11","76","62","62"
"USC00284987","40.29696","-74.00153","9.1","2016-07-12","78","62","67"
"USC00284987","40.29696","-74.00153","9.1","2016-07-13","81","67","75"
"USC00284987","40.29696","-74.00153","9.1","2016-07-14","93","75","79"
"USC00284987","40.29696","-74.00153","9.1","2016-07-15","92","72","81"
"USC00284987","40.29696","-74.00153","9.1","2016-07-16","91","68","69"
"USC00284987","40.29696","-74.00153","9.1","2016-07-17","89","69","75"
"USC00284987","40.29696","-74.00153","9.1","2016-07-18","93","73","73"
"USC00284987","40.29696","-74.00153","9.1","2016-07-19","87","65","65"
"USC00284987","40.29696","-74.00153","9.1","2016-07-20",,"65","68"
"USC00284987","40.29696","-74.00153","9.1","2016-07-21","84","67","72"
"USC00284987","40.29696","-74.00153","9.1","2016-07-22","93","72","76"
"USC00284987","40.29696","-74.00153","9.1","2016-07-23","96","69","71"
"USC00284987","40.29696","-74.00153","9.1","2016-07-24",,"71","78"
"USC00284987","40.29696","-74.00153","9.1","2016-07-25","87","72","72"
"USC00284987","40.29696","-74.00153","9.1","2016-07-26","91","70","72"
"USC00284987","40.29696","-74.00153","9.1","2016-07-27","84","72","73"
"USC00284987","40.29696","-74.00153","9.1","2016-07-28","84","73","73"
"USC00284987","40.29696","-74.00153","9.1","2016-07-29",,"70","71"
"USC00284987","40.29696","-74.00153","9.1","2016-07-30","82","71","77"
"USC00284987","40.29696","-74.00153","9.1","2016-07-31",,"72","72"
"USC00284987","40.29696","-74.00153","9.1","2016-08-01","77","71","72"
"USC00284987","40.29696","-74.00153","9.1","2016-08-02","77","68","68"
"USC00284987","40.29696","-74.00153","9.1","2016-08-03","78","67","68"
"USC00284987","40.29696","-74.00153","9.1","2016-08-04","79","61","61"
"USC00284987","40.29696","-74.00153","9.1","2016-08-05","79","61","76"
"USC00284987","40.29696","-74.00153","9.1","2016-08-06","89","68","68"
"USC00284987","40.29696","-74.00153","9.1","2016-08-07","88","67","67"
"USC00284987","40.29696","-74.00153","9.1","2016-08-08","81","65","65"
"USC00284987","40.29696","-74.00153","9.1","2016-08-09","89","65","70"
"USC00284987","40.29696","-74.00153","9.1","2016-08-10","90","65","78"
"USC00284987","40.29696","-74.00153","9.1","2016-08-11","93","77","79"
"USC00284987","40.29696","-74.00153","9.1","2016-08-12","95","79","81"
"USC00284987","40.29696","-74.00153","9.1","2016-08-13","92","81","82"
"USC00284987","40.29696","-74.00153","9.1","2016-08-14","95","76","76"
"USC00284987","40.29696","-74.00153","9.1","2016-08-15","86","76","78"
"USC00284987","40.29696","-74.00153","9.1","2016-08-16","86","77","78"
"USC00284987","40.29696","-74.00153","9.1","2016-08-17","86","74","74"
"USC00284987","40.29696","-74.00153","9.1","2016-08-18","82","71","72"
"USC00284987","40.29696","-74.00153","9.1","2016-08-19","86","70","71"
"USC00284987","40.29696","-74.00153","9.1","2016-08-20","84","71","78"
"USC00284987","40.29696","-74.00153","9.1","2016-08-21","85","66","67"
"USC00284987","40.29696","-74.00153","9.1","2016-08-22","82","56","58"
"USC00284987","40.29696","-74.00153","9.1","2016-08-23","78","58","62"
"USC00284987","40.29696","-74.00153","9.1","2016-08-24","83","62","66"
"USC00284987","40.29696","-74.00153","9.1","2016-08-25","82","66","74"
"USC00284987","40.29696","-74.00153","9.1","2016-08-26","92","69","71"
"USC00284987","40.29696","-74.00153","9.1","2016-08-27","83","69","70"
"USC00284987","40.29696","-74.00153","9.1","2016-08-28","91","70","74"
"USC00284987","40.29696","-74.00153","9.1","2016-08-29","81","70","70"
"USC00284987","40.29696","-74.00153","9.1","2016-08-30","85","70","79"
"USC00284987","40.29696","-74.00153","9.1","2016-08-31","83","70","71"
"USC00284987","40.29696","-74.00153","9.1","2016-09-01","77","62","62"
"USC00284987","40.29696","-74.00153","9.1","2016-09-02","82","62","72"
"USC00284987","40.29696","-74.00153","9.1","2016-09-03","74","66","67"
"USC00284987","40.29696","-74.00153","9.1","2016-09-04","77","66","67"
"USC00284987","40.29696","-74.00153","9.1","2016-09-05","84","67","74"
"USC00284987","40.29696","-74.00153","9.1","2016-09-06","80","70","72"
"USC00284987","40.29696","-74.00153","9.1","2016-09-07","86","67","67"
"USC00284987","40.29696","-74.00153","9.1","2016-09-08","86","66","80"
"USC00284987","40.29696","-74.00153","9.1","2016-09-09","91","74","76"
"USC00284987","40.29696","-74.00153","9.1","2016-09-10","87","76","76"
"USC00284987","40.29696","-74.00153","9.1","2016-09-11","85","64","64"
"USC00284987","40.29696","-74.00153","9.1","2016-09-12","75","57","57"
"USC00284987","40.29696","-74.00153","9.1","2016-09-13","80","57","58"
"USC00284987","40.29696","-74.00153","9.1","2016-09-14","83","58","64"
"USC00284987","40.29696","-74.00153","9.1","2016-09-15","73","64","64"
"USC00284987","40.29696","-74.00153","9.1","2016-09-16","73","53","53"
"USC00284987","40.29696","-74.00153","9.1","2016-09-17","75","53","72"
"USC00284987","40.29696","-74.00153","9.1","2016-09-18","84","72","73"
"USC00284987","40.29696","-74.00153","9.1","2016-09-19","75","69","70"
"USC00284987","40.29696","-74.00153","9.1","2016-09-20","79","65","66"
"USC00284987","40.29696","-74.00153","9.1","2016-09-21","80","59","59"
"USC00284987","40.29696","-74.00153","9.1","2016-09-22","78","59","60"
"USC00284987","40.29696","-74.00153","9.1","2016-09-23","79","60","64"
"USC00284987","40.29696","-74.00153","9.1","2016-09-24","69","54","58"
"USC00284987","40.29696","-74.00153","9.1","2016-09-25","71","49","49"
"USC00284987","40.29696","-74.00153","9.1","2016-09-26","71","49","68"
"USC00284987","40.29696","-74.00153","9.1","2016-09-27","74","56","64"
"USC00284987","40.29696","-74.00153","9.1","2016-09-28","71","61","62"
"USC00284987","40.29696","-74.00153","9.1","2016-09-29","64","61","61"
"USC00284987","40.29696","-74.00153","9.1","2016-09-30","62","59","60"
"USC00284987","40.29696","-74.00153","9.1","2016-10-01","63","59","60"
"USC00284987","40.29696","-74.00153","9.1","2016-10-02","63","60","61"
"USC00284987","40.29696","-74.00153","9.1","2016-10-03","70","57","64"
"USC00284987","40.29696","-74.00153","9.1","2016-10-04","67","58","58"
"USC00284987","40.29696","-74.00153","9.1","2016-10-05","64","50","51"
"USC00284987","40.29696","-74.00153","9.1","2016-10-06","68","48","48"
"USC00284987","40.29696","-74.00153","9.1","2016-10-07","69","48","56"
"USC00284987","40.29696","-74.00153","9.1","2016-10-08","69","56","58"
"USC00284987","40.29696","-74.00153","9.1","2016-10-09","58","46","47"
"USC00284987","40.29696","-74.00153","9.1","2016-10-10","65","41","41"
"USC00284987","40.29696","-74.00153","9.1","2016-10-11","60","41","45"
"USC00284987","40.29696","-74.00153","9.1","2016-10-12","66","45","48"
"USC00284987","40.29696","-74.00153","9.1","2016-10-13","70","43","43"
"USC00284987","40.29696","-74.00153","9.1","2016-10-14","70","41","42"
"USC00284987","40.29696","-74.00153","9.1","2016-10-15","65","42","45"
"USC00284987","40.29696","-74.00153","9.1","2016-10-16","72","45","61"
"USC00284987","40.29696","-74.00153","9.1","2016-10-17","82","60","63"
"USC00284987","40.29696","-74.00153","9.1","2016-10-18","77","61","69"
"USC00284987","40.29696","-74.00153","9.1","2016-10-19","83","64","64"
"USC00284987","40.29696","-74.00153","9.1","2016-10-20","69","64","66"
"USC00284987","40.29696","-74.00153","9.1","2016-10-21","71","50","50"
"USC00284987","40.29696","-74.00153","9.1","2016-10-22","52","43","44"
"USC00284987","40.29696","-74.00153","9.1","2016-10-23","64","44","53"
"USC00284987","40.29696","-74.00153","9.1","2016-10-24","64","40","45"
"USC00284987","40.29696","-74.00153","9.1","2016-10-25","55","35","36"
"USC00284987","40.29696","-74.00153","9.1","2016-10-26","53","33","47"
"USC00284987","40.29696","-74.00153","9.1","2016-10-27","60","43","43"
"USC00284987","40.29696","-74.00153","9.1","2016-10-28","51","36","36"
"USC00284987","40.29696","-74.00153","9.1","2016-10-29","67","36","62"
"USC00284987","40.29696","-74.00153","9.1","2016-10-30","78","46","46"
"USC00284987","40.29696","-74.00153","9.1","2016-10-31","56","37","37"
"USC00284987","40.29696","-74.00153","9.1","2016-11-01","58","36","50"
"USC00284987","40.29696","-74.00153","9.1","2016-11-02","73",,"58"
"USC00284987","40.29696","-74.00153","9.1","2016-11-03","75","50","51"
"USC00284987","40.29696","-74.00153","9.1","2016-11-04","63","39","40"
"USC00284987","40.29696","-74.00153","9.1","2016-11-05","63","40","49"
"USC00284987","40.29696","-74.00153","9.1","2016-11-06","60","43","43"
"USC00284987","40.29696","-74.00153","9.1","2016-11-07","54","33","33"
"USC00284987","40.29696","-74.00153","9.1","2016-11-08","68","33","50"
"USC00284987","40.29696","-74.00153","9.1","2016-11-09","56","42","43"
"USC00284987","40.29696","-74.00153","9.1","2016-11-10","57","41","47"
"USC00284987","40.29696","-74.00153","9.1","2016-11-11","66","37","37"
"USC00284987","40.29696","-74.00153","9.1","2016-11-12","52","36","38"
"USC00284987","40.29696","-74.00153","9.1","2016-11-13","61","38","41"
"USC00284987","40.29696","-74.00153","9.1","2016-11-14","63","37","50"
"USC00284987","40.29696","-74.00153","9.1","2016-11-15","55","41","42"
"USC00284987","40.29696","-74.00153","9.1","2016-11-16","63","42","49"
"USC00284987","40.29696","-74.00153","9.1","2016-11-17","63","38","39"
"USC00284987","40.29696","-74.00153","9.1","2016-11-18","68","37","37"
"USC00284987","40.29696","-74.00153","9.1","2016-11-19","61","34","39"
"USC00284987","40.29696","-74.00153","9.1","2016-11-20","43","36","36"
"USC00284987","40.29696","-74.00153","9.1","2016-11-21","43","36","38"
"USC00284987","40.29696","-74.00153","9.1","2016-11-22","44","29","30"
"USC00284987","40.29696","-74.00153","9.1","2016-11-23","49","29","45"
"USC00284987","40.29696","-74.00153","9.1","2016-11-24","48","25","39"
"USC00284987","40.29696","-74.00153","9.1","2016-11-25","54","39","42"
"USC00284987","40.29696","-74.00153","9.1","2016-11-26","53","35","35"
"USC00284987","40.29696","-74.00153","9.1","2016-11-27","51","30","31"
"USC00284987","40.29696","-74.00153","9.1","2016-11-28","55","30","55"
"USC00284987","40.29696","-74.00153","9.1","2016-11-29","62","51","51"
"USC00284987","40.29696","-74.00153","9.1","2016-11-30","60","49","53"
"USC00284987","40.29696","-74.00153","9.1","2016-12-01","54","37","37"
"USC00284987","40.29696","-74.00153","9.1","2016-12-02","52","37","40"
"USC00284987","40.29696","-74.00153","9.1","2016-12-03","50","39","39"
"USC00284987","40.29696","-74.00153","9.1","2016-12-04","47","37","39"
"USC00284987","40.29696","-74.00153","9.1","2016-12-05","52","31","34"
"USC00284987","40.29696","-74.00153","9.1","2016-12-06","47","33","44"
"USC00284987","40.29696","-74.00153","9.1","2016-12-07","44","32","32"
"USC00284987","40.29696","-74.00153","9.1","2016-12-08","43","30","30"
"USC00284987","40.29696","-74.00153","9.1","2016-12-09","40","25","25"
"USC00284987","40.29696","-74.00153","9.1","2016-12-10","39","25","25"
"USC00284987","40.29696","-74.00153","9.1","2016-12-11","45","25","44"
"USC00284987","40.29696","-74.00153","9.1","2016-12-12","47","33","33"
"USC00284987","40.29696","-74.00153","9.1","2016-12-13","47","32","34"
"USC00284987","40.29696","-74.00153","9.1","2016-12-14","44","28","30"
"USC00284987","40.29696","-74.00153","9.1","2016-12-15","32","16","16"
"USC00284987","40.29696","-74.00153","9.1","2016-12-16","33","15","33"
"USC00284987","40.29696","-74.00153","9.1","2016-12-17","56","33","56"
"USC00284987","40.29696","-74.00153","9.1","2016-12-18","63","28","28"
"USC00284987","40.29696","-74.00153","9.1","2016-12-19","32","21","21"
"USC00284987","40.29696","-74.00153","9.1","2016-12-20","37","20","29"
"USC00284987","40.29696","-74.00153","9.1","2016-12-21","41","28","35"
"USC00284987","40.29696","-74.00153","9.1","2016-12-22","42","28","35"
"USC00284987","40.29696","-74.00153","9.1","2016-12-23","51","28","39"
"USC00284987","40.29696","-74.00153","9.1","2016-12-24","44","30","33"
"USC00284987","40.29696","-74.00153","9.1","2016-12-25","49","31","38"
"USC00284987","40.29696","-74.00153","9.1","2016-12-26","51","33","43"
"USC00284987","40.29696","-74.00153","9.1","2016-12-27","60","33","59"
"USC00284987","40.29696","-74.00153","9.1","2016-12-28","63","26","44"
"USC00284987","40.29696","-74.00153","9.1","2016-12-29","45","33","33"
"USC00284987","40.29696","-74.00153","9.1","2016-12-30","42","29","29"
"USC00284987","40.29696","-74.00153","9.1","2016-12-31","46","28","39"
"USC00284987","40.29696","-74.00153","9.1","2017-01-01","57","31","45"
"USC00284987","40.29696","-74.00153","9.1","2017-01-02","45","41","44"
"USC00284987","40.29696","-74.00153","9.1","2017-01-03","46","42","44"
"USC00284987","40.29696","-74.00153","9.1","2017-01-04","55","27","27"
"USC00284987","40.29696","-74.00153","9.1","2017-01-05","33","27","29"
"USC00284987","40.29696","-74.00153","9.1","2017-01-06","35","26","26"
"USC00284987","40.29696","-74.00153","9.1","2017-01-07","26","11","11"
"USC00284987","40.29696","-74.00153","9.1","2017-01-08","25","8","8"
"USC00284987","40.29696","-74.00153","9.1","2017-01-09","24","6","13"
"USC00284987","40.29696","-74.00153","9.1","2017-01-10","48","13","47"
"USC00284987","40.29696","-74.00153","9.1","2017-01-11","54","44","46"
"USC00284987","40.29696","-74.00153","9.1","2017-01-12","70","46","55"
"USC00284987","40.29696","-74.00153","9.1","2017-01-13","56","31","31"
"USC00284987","40.29696","-74.00153","9.1","2017-01-14","34","29","29"
"USC00284987","40.29696","-74.00153","9.1","2017-01-15","41","23","23"
"USC00284987","40.29696","-74.00153","9.1","2017-01-16","42","23","39"
"USC00284987","40.29696","-74.00153","9.1","2017-01-17","46","39","40"
"USC00284987","40.29696","-74.00153","9.1","2017-01-18","47","38","38"
"USC00284987","40.29696","-74.00153","9.1","2017-01-19","50","34","41"
"USC00284987","40.29696","-74.00153","9.1","2017-01-20","44","41","43"
"USC00284987","40.29696","-74.00153","9.1","2017-01-21","48","41","45"
"USC00284987","40.29696","-74.00153","9.1","2017-01-22","46","42","42"
"USC00284987","40.29696","-74.00153","9.1","2017-01-23","42","38","38"
"USC00284987","40.29696","-74.00153","9.1","2017-01-24","39","36","37"
"USC00284987","40.29696","-74.00153","9.1","2017-01-25","53","37","47"
"USC00284987","40.29696","-74.00153","9.1","2017-01-26","54","39","40"
"USC00284987","40.29696","-74.00153","9.1","2017-01-27","44","32","32"
"USC00284987","40.29696","-74.00153","9.1","2017-01-28","39","28","32"
"USC00284987","40.29696","-74.00153","9.1","2017-01-29","44","28","32"
"USC00284987","40.29696","-74.00153","9.1","2017-01-30","39","25","26"
"USC00284987","40.29696","-74.00153","9.1","2017-01-31","39","25","39"
"USC00284987","40.29696","-74.00153","9.1","2017-02-01","48","30","33"
"USC00284987","40.29696","-74.00153","9.1","2017-02-02","46","25","25"
"USC00284987","40.29696","-74.00153","9.1","2017-02-03","33","20","20"
"USC00284987","40.29696","-74.00153","9.1","2017-02-04","35","20","35"
"USC00284987","40.29696","-74.00153","9.1","2017-02-05","43","33","34"
"USC00284987","40.29696","-74.00153","9.1","2017-02-06","48","31","39"
"USC00284987","40.29696","-74.00153","9.1","2017-02-07","48","36","46"
"USC00284987","40.29696","-74.00153","9.1","2017-02-08","65","35","35"
"USC00284987","40.29696","-74.00153","9.1","2017-02-09","35","17","21"
"USC00284987","40.29696","-74.00153","9.1","2017-02-10","39","20","38"
"USC00284987","40.29696","-74.00153","9.1","2017-02-11","46","36","37"
"USC00284987","40.29696","-74.00153","9.1","2017-02-12","41","33","33"
"USC00284987","40.29696","-74.00153","9.1","2017-02-13","40","26","26"
"USC00284987","40.29696","-74.00153","9.1","2017-02-14","43","26","34"
"USC00284987","40.29696","-74.00153","9.1","2017-02-15","51","30","30"
"USC00284987","40.29696","-74.00153","9.1","2017-02-16","39","26","26"
"USC00284987","40.29696","-74.00153","9.1","2017-02-17","45","26","28"
"USC00284987","40.29696","-74.00153","9.1","2017-02-18","67","27","57"
"USC00284987","40.29696","-74.00153","9.1","2017-02-19","69","43","47"
"USC00284987","40.29696","-74.00153","9.1","2017-02-20","57","37","37"
"USC00284987","40.29696","-74.00153","9.1","2017-02-21","45","37","40"
"USC00284987","40.29696","-74.00153","9.1","2017-02-22","54","40","43"
"USC00284987","40.29696","-74.00153","9.1","2017-02-23","61","43","48"
"USC00284987","40.29696","-74.00153","9.1","2017-02-24","65","46","47"
"USC00284987","40.29696","-74.00153","9.1","2017-02-25","61","37","37"
"USC00284987","40.29696","-74.00153","9.1","2017-02-26","43","26","31"
"USC00284987","40.29696","-74.00153","9.1","2017-02-27","53","31","43"
"USC00284987","40.29696","-74.00153","9.1","2017-02-28","56","43","52"
"USC00284987","40.29696","-74.00153","9.1","2017-04-01","49","37","43"
"USC00284987","40.29696","-74.00153","9.1","2017-04-02","56","37","37"
"USC00284987","40.29696","-74.00153","9.1","2017-04-03","63","37","51"
"USC00284987","40.29696","-74.00153","9.1","2017-04-04","57","43","44"
"USC00284987","40.29696","-74.00153","9.1","2017-04-05","49","41","41"
"USC00284987","40.29696","-74.00153","9.1","2017-04-06","55","41","44"
"USC00284987","40.29696","-74.00153","9.1","2017-04-07","58","38","38"
"USC00284987","40.29696","-74.00153","9.1","2017-04-08","49","33","34"
"USC00284987","40.29696","-74.00153","9.1","2017-04-09","62","34","41"
"USC00284987","40.29696","-74.00153","9.1","2017-04-10","68","41","55"
"USC00284987","40.29696","-74.00153","9.1","2017-04-11","73","50","52"
"USC00284987","40.29696","-74.00153","9.1","2017-04-12","76","48","48"
"USC00284987","40.29696","-74.00153","9.1","2017-04-14","65","39","39"
"USC00284987","40.29696","-74.00153","9.1","2017-04-15",,"39","62"
"USC00284987","40.29696","-74.00153","9.1","2017-04-16","66","61","66"
"USC00284987","40.29696","-74.00153","9.1","2017-04-17","86","48","49"
"USC00284987","40.29696","-74.00153","9.1","2017-04-18","73","45","45"
"USC00284987","40.29696","-74.00153","9.1","2017-04-19","52","45","50"
"USC00284987","40.29696","-74.00153","9.1","2017-04-20","53","47","47"
"USC00284987","40.29696","-74.00153","9.1","2017-04-21",,"47","50"
"USC00284987","40.29696","-74.00153","9.1","2017-04-22","54","46","48"
"USC00284987","40.29696","-74.00153","9.1","2017-04-23","55","43","48"
"USC00284987","40.29696","-74.00153","9.1","2017-04-24","52","48","49"
"USC00284987","40.29696","-74.00153","9.1","2017-04-25","53","48","53"
"USC00284987","40.29696","-74.00153","9.1","2017-04-26","62","53","57"
"USC00284987","40.29696","-74.00153","9.1","2017-04-27","63","53","55"
"USC00284987","40.29696","-74.00153","9.1","2017-04-28","68","55","62"
"USC00284987","40.29696","-74.00153","9.1","2017-04-29","79","59",
"USC00284987","40.29696","-74.00153","9.1","2017-04-30","86","48","50"
"USC00284987","40.29696","-74.00153","9.1","2017-05-01","72","50","65"
"USC00284987","40.29696","-74.00153","9.1","2017-05-02","76","51","55"
"USC00284987","40.29696","-74.00153","9.1","2017-05-03","67","44","52"
"USC00284987","40.29696","-74.00153","9.1","2017-05-04","56","51","53"
"USC00284987","40.29696","-74.00153","9.1","2017-05-05","66","53","56"
"USC00284987","40.29696","-74.00153","9.1","2017-05-06","65","48","49"
"USC00284987","40.29696","-74.00153","9.1","2017-05-07","56","40","44"
"USC00284987","40.29696","-74.00153","9.1","2017-05-08","58","41","44"
"USC00284987","40.29696","-74.00153","9.1","2017-05-09","59","44","51"
"USC00284987","40.29696","-74.00153","9.1","2017-05-10","55","44","50"
"USC00284987","40.29696","-74.00153","9.1","2017-05-12","57","44","50"
"USC00284987","40.29696","-74.00153","9.1","2017-05-13","51","46","48"
"USC00284987","40.29696","-74.00153","9.1","2017-05-14","67","47","51"
"USC00284987","40.29696","-74.00153","9.1","2017-05-15","71","51","53"
"USC00284987","40.29696","-74.00153","9.1","2017-05-16","80","53","62"
"USC00284987","40.29696","-74.00153","9.1","2017-05-17","84","62","74"
"USC00284987","40.29696","-74.00153","9.1","2017-05-18","93","74","74"
"USC00284987","40.29696","-74.00153","9.1","2017-05-19","92","60","61"
"USC00284987","40.29696","-74.00153","9.1","2017-05-20","62","45","51"
"USC00284987","40.29696","-74.00153","9.1","2017-05-21","60","50","54"
"USC00284987","40.29696","-74.00153","9.1","2017-05-22","62","53","59"
"USC00284987","40.29696","-74.00153","9.1","2017-05-23","66","50","56"
"USC00284987","40.29696","-74.00153","9.1","2017-05-24","64","54","54"
"USC00284987","40.29696","-74.00153","9.1","2017-05-25","58","54","58"
"USC00284987","40.29696","-74.00153","9.1","2017-05-26","77","56","58"
"USC00284987","40.29696","-74.00153","9.1","2017-05-27","71","55","58"
"USC00284987","40.29696","-74.00153","9.1","2017-05-28","66","56","56"
"USC00284987","40.29696","-74.00153","9.1","2017-05-29","60","54","54"
"USC00284987","40.29696","-74.00153","9.1","2017-05-30","58","54","58"
"USC00284987","40.29696","-74.00153","9.1","2017-05-31","66","58","61"
"USC00284987","40.29696","-74.00153","9.1","2017-06-01","81","52","57"
"USC00284987","40.29696","-74.00153","9.1","2017-06-02","77","51","55"
"USC00284987","40.29696","-74.00153","9.1","2017-06-03","76","50","54"
"USC00284987","40.29696","-74.00153","9.1","2017-06-04","67","54","63"
"USC00284987","40.29696","-74.00153","9.1","2017-06-05","68","56","57"
"USC00284987","40.29696","-74.00153","9.1","2017-06-06","58","53","54"
"USC00284987","40.29696","-74.00153","9.1","2017-06-07","67","49","51"
"USC00284987","40.29696","-74.00153","9.1","2017-06-08","64","47","52"
"USC00284987","40.29696","-74.00153","9.1","2017-06-09","82","52","67"
"USC00284987","40.29696","-74.00153","9.1","2017-06-10","85","67","72"
"USC00284987","40.29696","-74.00153","9.1","2017-06-11","91","70","74"
"USC00284987","40.29696","-74.00153","9.1","2017-06-12","93","73","73"
"USC00284987","40.29696","-74.00153","9.1","2017-06-13","94","70","70"
"USC00284987","40.29696","-74.00153","9.1","2017-06-14","75","58","65"
"USC00284987","40.29696","-74.00153","9.1","2017-06-15","69","63","64"
"USC00284987","40.29696","-74.00153","9.1","2017-06-16","68","64","66"
"USC00284987","40.29696","-74.00153","9.1","2017-06-17","71","66","69"
"USC00284987","40.29696","-74.00153","9.1","2017-06-18","79","69","76"
"USC00284987","40.29696","-74.00153","9.1","2017-06-19","85","72","77"
"USC00284987","40.29696","-74.00153","9.1","2017-06-20","85","65","71"
"USC00284987","40.29696","-74.00153","9.1","2017-06-21","87","63","66"
"USC00284987","40.29696","-74.00153","9.1","2017-06-22","79","66","77"
"USC00284987","40.29696","-74.00153","9.1","2017-06-23","87","67","69"
"USC00284987","40.29696","-74.00153","9.1","2017-06-24","87","64","68"
"USC00284987","40.29696","-74.00153","9.1","2017-06-25","78","58","63"
"USC00284987","40.29696","-74.00153","9.1","2017-06-26","76","61","63"
"USC00284987","40.29696","-74.00153","9.1","2017-06-27","72","57","59"
"USC00284987","40.29696","-74.00153","9.1","2017-06-28","80","59","66"
"USC00284987","40.29696","-74.00153","9.1","2017-06-29","77","66","71"
"USC00284987","40.29696","-74.00153","9.1","2017-06-30","84","70","70"
"USC00284987","40.29696","-74.00153","9.1","2017-07-01","80","68","72"
"USC00284987","40.29696","-74.00153","9.1","2017-07-02","90","69","72"
"USC00284987","40.29696","-74.00153","9.1","2017-07-03","90","69","72"
"USC00284987","40.29696","-74.00153","9.1","2017-07-04","81","65","72"
"USC00284987","40.29696","-74.00153","9.1","2017-07-05","77","68","70"
"USC00284987","40.29696","-74.00153","9.1","2017-07-06","77","68","71"
"USC00284987","40.29696","-74.00153","9.1","2017-07-07","78","68","74"
"USC00284987","40.29696","-74.00153","9.1","2017-07-08","88","66","71"
"USC00284987","40.29696","-74.00153","9.1","2017-07-09","81","59","64"
"USC00284987","40.29696","-74.00153","9.1","2017-07-10","82","64","76"
"USC00284987","40.29696","-74.00153","9.1","2017-07-11","89","74","76"
"USC00284987","40.29696","-74.00153","9.1","2017-07-12","91","76","79"
"USC00284987","40.29696","-74.00153","9.1","2017-07-13","94","67","67"
"USC00284987","40.29696","-74.00153","9.1","2017-07-14","73","67","70"
"USC00284987","40.29696","-74.00153","9.1","2017-07-15","81","65","71"
"USC00284987","40.29696","-74.00153","9.1","2017-07-16","80","68","70"
"USC00284987","40.29696","-74.00153","9.1","2017-07-17","81","69","71"
"USC00284987","40.29696","-74.00153","9.1","2017-07-18","81","71","74"
"USC00284987","40.29696","-74.00153","9.1","2017-07-19","90","74","77"
"USC00284987","40.29696","-74.00153","9.1","2017-07-20","92","73","75"
"USC00284987","40.29696","-74.00153","9.1","2017-07-21","91","75","76"
"USC00284987","40.29696","-74.00153","9.1","2017-07-22","84","70","70"
"USC00284987","40.29696","-74.00153","9.1","2017-07-23","80","70","72"
"USC00284987","40.29696","-74.00153","9.1","2017-07-24","78","64","64"
"USC00284987","40.29696","-74.00153","9.1","2017-07-25","71","63","67"
"USC00284987","40.29696","-74.00153","9.1","2017-07-26","71","63","67"
"USC00284987","40.29696","-74.00153","9.1","2017-07-27","78","58","71"
"USC00284987","40.29696","-74.00153","9.1","2017-07-28","79","66","66"
"USC00284987","40.29696","-74.00153","9.1","2017-07-29","78","57","61"
"USC00284987","40.29696","-74.00153","9.1","2017-07-30","80","58","62"
"USC00284987","40.29696","-74.00153","9.1","2017-07-31","82","57","66"
"USC00284987","40.29696","-74.00153","9.1","2017-09-01","72","54","61"
"USC00284987","40.29696","-74.00153","9.1","2017-09-02","69","59","67"
"USC00284987","40.29696","-74.00153","9.1","2017-09-03","73","50","60"
"USC00284987","40.29696","-74.00153","9.1","2017-09-04","81","59","70"
"USC00284987","40.29696","-74.00153","9.1","2017-09-05","83","67","70"
"USC00284987","40.29696","-74.00153","9.1","2017-09-06","73","59","59"
"USC00284987","40.29696","-74.00153","9.1","2017-09-08","73","53","53"
"USC00284987","40.29696","-74.00153","9.1","2017-09-09","73","52","54"
"USC00284987","40.29696","-74.00153","9.1","2017-09-10","73","50","51"
"USC00284987","40.29696","-74.00153","9.1","2017-09-11","74","51","52"
"USC00284987","40.29696","-74.00153","9.1","2017-09-12","78","51","56"
"USC00284987","40.29696","-74.00153","9.1","2017-09-13","79","51","69"
"USC00284987","40.29696","-74.00153","9.1","2017-09-14","81","64","64"
"USC00284987","40.29696","-74.00153","9.1","2017-09-15","79","64","64"
"USC00284987","40.29696","-74.00153","9.1","2017-09-16","77","64","68"
"USC00284987","40.29696","-74.00153","9.1","2017-09-17","75","67","67"
"USC00284987","40.29696","-74.00153","9.1","2017-09-18","73","67","70"
"USC00284987","40.29696","-74.00153","9.1","2017-09-19","72","68","71"
"USC00284987","40.29696","-74.00153","9.1","2017-09-20","74","69","72"
"USC00284987","40.29696","-74.00153","9.1","2017-09-21","75","69","73"
"USC00284987","40.29696","-74.00153","9.1","2017-09-22","84","66","66"
"USC00284987","40.29696","-74.00153","9.1","2017-09-23","87","64","64"
"USC00284987","40.29696","-74.00153","9.1","2017-09-24","85","63","63"
"USC00284987","40.29696","-74.00153","9.1","2017-09-25","79","63","67"
"USC00284987","40.29696","-74.00153","9.1","2017-09-26","74","67","71"
"USC00284987","40.29696","-74.00153","9.1","2017-09-27","79","71","73"
"USC00284987","40.29696","-74.00153","9.1","2017-09-29","79","51","54"
"USC00284987","40.29696","-74.00153","9.1","2017-09-30","67","54","56"
"USC00284987","40.29696","-74.00153","9.1","2018-08-09",,"76","76"
"USC00284987","40.29696","-74.00153","9.1","2018-08-10","90","67","67"
"USC00284987","40.29696","-74.00153","9.1","2018-08-11","87","67","75"
"USC00284987","40.29696","-74.00153","9.1","2018-08-12","81","73","73"
"USC00284987","40.29696","-74.00153","9.1","2018-08-13","85","73","74"
"USC00284987","40.29696","-74.00153","9.1","2018-08-14","77","69","69"
"USC00284987","40.29696","-74.00153","9.1","2018-08-15","87","69","70"
"USC00284987","40.29696","-74.00153","9.1","2018-08-16","88","69","74"
"USC00284987","40.29696","-74.00153","9.1","2018-08-17","92","74","75"
"USC00284987","40.29696","-74.00153","9.1","2018-08-18","90","75","75"
"USC00284987","40.29696","-74.00153","9.1","2018-08-19","91","69","69"
"USC00284987","40.29696","-74.00153","9.1","2018-08-20","70","67","69"
"USC00284987","40.29696","-74.00153","9.1","2018-08-21","74","68","69"
"USC00284987","40.29696","-74.00153","9.1","2018-08-22","78","69","72"
"USC00284987","40.29696","-74.00153","9.1","2018-08-23","86","65","65"
"USC00284987","40.29696","-74.00153","9.1","2018-08-24","80","60","60"
"USC00284987","40.29696","-74.00153","9.1","2018-08-25","83","60","61"
"USC00284987","40.29696","-74.00153","9.1","2018-08-26","80","61","61"
"USC00284987","40.29696","-74.00153","9.1","2018-08-27","85","61","71"
"USC00284987","40.29696","-74.00153","9.1","2018-08-28","88","71","75"
"USC00284987","40.29696","-74.00153","9.1","2018-08-29","97","75","77"
"USC00284987","40.29696","-74.00153","9.1","2018-08-30","97","77","78"
"USC00284987","40.29696","-74.00153","9.1","2018-08-31","92","72","73"
"USC00284987","40.29696","-74.00153","9.1","2018-09-01","80","70","70"
"USC00284987","40.29696","-74.00153","9.1","2018-09-02","77","65","66"
"USC00284987","40.29696","-74.00153","9.1","2018-09-03","81","65","75"
"USC00284987","40.29696","-74.00153","9.1","2018-09-04","88","74","75"
"USC00284987","40.29696","-74.00153","9.1","2018-09-05","93","73","73"
"USC00284987","40.29696","-74.00153","9.1","2018-09-06","87","73","77"
"USC00284987","40.29696","-74.00153","9.1","2018-09-07","94","74","75"
"USC00284987","40.29696","-74.00153","9.1","2018-09-08","78","68","68"
"USC00284987","40.29696","-74.00153","9.1","2018-09-09","72","61","62"
"USC00284987","40.29696","-74.00153","9.1","2018-09-10","64","59","61"
"USC00284987","40.29696","-74.00153","9.1","2018-09-11","69","59","65"
"USC00284987","40.29696","-74.00153","9.1","2018-09-12","74","65","73"
"USC00284987","40.29696","-74.00153","9.1","2018-09-13","77","70","70"
"USC00284987","40.29696","-74.00153","9.1","2018-09-14","73","68","69"
"USC00284987","40.29696","-74.00153","9.1","2018-09-15","71","67","67"
"USC00284987","40.29696","-74.00153","9.1","2018-09-16","77","62","63"
"USC00284987","40.29696","-74.00153","9.1","2018-09-17","83","62","65"
"USC00284987","40.29696","-74.00153","9.1","2018-09-18","78","65","77"
"USC00284987","40.29696","-74.00153","9.1","2018-09-19","86","67","67"
"USC00284987","40.29696","-74.00153","9.1","2018-09-20","81","65","66"
"USC00284987","40.29696","-74.00153","9.1","2018-09-21","72","66","67"
"USC00284987","40.29696","-74.00153","9.1","2018-09-22","75","67","72"
"USC00284987","40.29696","-74.00153","9.1","2018-09-23","76","64","64"
"USC00284987","40.29696","-74.00153","9.1","2018-09-24","65","62","63"
"USC00284987","40.29696","-74.00153","9.1","2018-09-25","68","62","66"
"USC00284987","40.29696","-74.00153","9.1","2018-09-26","75","62","72"
"USC00284987","40.29696","-74.00153","9.1","2018-09-27","85","62","64"
"USC00284987","40.29696","-74.00153","9.1","2018-09-28","73","63","68"
"USC00284987","40.29696","-74.00153","9.1","2018-09-29","68","53","55"
"USC00284987","40.29696","-74.00153","9.1","2018-09-30","77","55","57"
"USC00284987","40.29696","-74.00153","9.1","2018-10-01","70","57","64"
"USC00284987","40.29696","-74.00153","9.1","2018-10-02","80","64","65"
"USC00284987","40.29696","-74.00153","9.1","2018-10-03","80","64","64"
"USC00284987","40.29696","-74.00153","9.1","2018-10-04","77","57","57"
"USC00284987","40.29696","-74.00153","9.1","2018-10-05","78","57",
"USC00284987","40.29696","-74.00153","9.1","2018-10-06","64","61",
"USC00284987","40.29696","-74.00153","9.1","2018-10-07","70","61",
"USC00284987","40.29696","-74.00153","9.1","2018-10-08","81","67","67"
"USC00284987","40.29696","-74.00153","9.1","2018-10-09","69","66","66"
"USC00284987","40.29696","-74.00153","9.1","2018-10-10","77","66","67"
"USC00284987","40.29696","-74.00153","9.1","2018-10-11","78","67","72"
"USC00284987","40.29696","-74.00153","9.1","2018-10-12","79","60","60"
"USC00284987","40.29696","-74.00153","9.1","2018-10-13","63","49","49"
"USC00284987","40.29696","-74.00153","9.1","2018-10-14","57","42","44"
"USC00284987","40.29696","-74.00153","9.1","2018-10-15","58","44","57"
"USC00284987","40.29696","-74.00153","9.1","2018-10-16","69","51","51"
"USC00284987","40.29696","-74.00153","9.1","2018-10-17","57","43","43"
"USC00284987","40.29696","-74.00153","9.1","2018-10-18","65","41","41"
"USC00284987","40.29696","-74.00153","9.1","2018-10-19","53","35","35"
"USC00284987","40.29696","-74.00153","9.1","2018-10-20","61","35","54"
"USC00284987","40.29696","-74.00153","9.1","2018-10-21","64","48","48"
"USC00284987","40.29696","-74.00153","9.1","2018-10-22","49","32","33"
"USC00284987","40.29696","-74.00153","9.1","2018-10-23","54","33","51"
"USC00284987","40.29696","-74.00153","9.1","2018-10-24","66","43","43"
"USC00284987","40.29696","-74.00153","9.1","2018-10-25","55","37","37"
"USC00284987","40.29696","-74.00153","9.1","2018-10-26","53","35","35"
"USC00284987","40.29696","-74.00153","9.1","2018-10-27","51","35","51"
"USC00284987","40.29696","-74.00153","9.1","2018-10-28","54","46","46"
"USC00284987","40.29696","-74.00153","9.1","2018-10-29","56","46","50"
"USC00284987","40.29696","-74.00153","9.1","2018-10-30","58","41","41"
"USC00284987","40.29696","-74.00153","9.1","2018-10-31","58","36","36"
"USC00284987","40.29696","-74.00153","9.1","2018-11-01","64","36","52"
"USC00284987","40.29696","-74.00153","9.1","2018-11-02","69","51","67"
"USC00284987","40.29696","-74.00153","9.1","2018-11-03","71","58","59"
"USC00284987","40.29696","-74.00153","9.1","2018-11-04","61","38","38"
"USC00284987","40.29696","-74.00153","9.1","2018-11-05","54","38","54"
"USC00284987","40.29696","-74.00153","9.1","2018-11-06","56","51","52"
"USC00284987","40.29696","-74.00153","9.1","2018-11-07","64","51","51"
"USC00284987","40.29696","-74.00153","9.1","2018-11-08","64","47","47"
"USC00284987","40.29696","-74.00153","9.1","2018-11-09","54","45","46"
"USC00284987","40.29696","-74.00153","9.1","2018-11-10","55","43","43"
"USC00284987","40.29696","-74.00153","9.1","2018-11-11","46","30","30"
"USC00284987","40.29696","-74.00153","9.1","2018-11-12","46","29","29"
"USC00284987","40.29696","-74.00153","9.1","2018-11-13","55","29","55"
"USC00284987","40.29696","-74.00153","9.1","2018-11-14","57","37","37"
"USC00284987","40.29696","-74.00153","9.1","2018-11-15","41","32","34"
"USC00284987","40.29696","-74.00153","9.1","2018-11-16","51","34","37"
"USC00284987","40.29696","-74.00153","9.1","2018-11-17","51","34","40"
"USC00284987","40.29696","-74.00153","9.1","2018-11-18","48","33","34"
"USC00284987","40.29696","-74.00153","9.1","2018-11-19","45","33","35"
"USC00284987","40.29696","-74.00153","9.1","2018-11-20","52","33","44"
"USC00284987","40.29696","-74.00153","9.1","2018-11-21","49","32","33"
"USC00284987","40.29696","-74.00153","9.1","2018-11-22","46","20","20"
"USC00284987","40.29696","-74.00153","9.1","2018-11-23","28","15","15"
"USC00284987","40.29696","-74.00153","9.1","2018-11-24","33","14","26"
"USC00284987","40.29696","-74.00153","9.1","2018-11-25","53","26","47"
"USC00284987","40.29696","-74.00153","9.1","2018-11-26","56","41","51"
"USC00284987","40.29696","-74.00153","9.1","2018-11-27","54","40","40"
"USC00284987","40.29696","-74.00153","9.1","2018-11-28","54","34","36"
"USC00284987","40.29696","-74.00153","9.1","2018-11-29","54","34","37"
"USC00284987","40.29696","-74.00153","9.1","2018-11-30","46","32","35"
