"STATION","LATITUDE","LONGITUDE","ELEVATION","DATE","PRCP","SNOW"
"US1NJMN0010","40.3034","-74.04","12.8","2015-01-01","0.00","0.0"
"US1NJMN0010","40.3034","-74.04","12.8","2015-01-02","0.00","0.0"
"US1NJMN0010","40.3034","-74.04","12.8","2015-01-03","0.00","0.0"
"US1NJMN0010","40.3034","-74.04","12.8","2015-01-04","1.18",
"US1NJMN0010","40.3034","-74.04","12.8","2015-01-05","0.19",
"US1NJMN0010","40.3034","-74.04","12.8","2015-01-06","0.00","0.0"
"US1NJMN0010","40.3034","-74.04","12.8","2015-01-07","0.02",
"US1NJMN0010","40.3034","-74.04","12.8","2015-01-08","0.00","0.0"
"US1NJMN0010","40.3034","-74.04","12.8","2015-01-09","0.00","0.0"
"US1NJMN0010","40.3034","-74.04","12.8","2015-01-10","0.01",
"US1NJMN0010","40.3034","-74.04","12.8","2015-01-11","0.00","0.0"
"US1NJMN0010","40.3034","-74.04","12.8","2015-01-12","0.00",
"US1NJMN0010","40.3034","-74.04","12.8","2015-01-13","0.59",
"US1NJMN0010","40.3034","-74.04","12.8","2015-01-14","0.00","0.0"
"US1NJMN0010","40.3034","-74.04","12.8","2015-01-15","0.00","0.0"
"US1NJMN0010","40.3034","-74.04","12.8","2015-01-16","0.00","0.0"
"US1NJMN0010","40.3034","-74.04","12.8","2015-01-17","0.00","0.0"
"US1NJMN0010","40.3034","-74.04","12.8","2015-01-18","0.00",
"US1NJMN0010","40.3034","-74.04","12.8","2015-01-19","1.63",
"US1NJMN0010","40.3034","-74.04","12.8","2015-01-20","0.00","0.0"
"US1NJMN0010","40.3034","-74.04","12.8","2015-01-21","0.00",
"US1NJMN0010","40.3034","-74.04","12.8","2015-01-22","0.02",
"US1NJMN0010","40.3034","-74.04","12.8","2015-01-23","0.00","0.0"
"US1NJMN0010","40.3034","-74.04","12.8","2015-01-24","0.93",
"US1NJMN0010","40.3034","-74.04","12.8","2015-01-25","0.09",
"US1NJMN0010","40.3034","-74.04","12.8","2015-01-26","0.01",
"US1NJMN0010","40.3034","-74.04","12.8","2015-01-27","0.61",
"US1NJMN0010","40.3034","-74.04","12.8","2015-01-28","0.06",
"US1NJMN0010","40.3034","-74.04","12.8","2015-01-29","0.00","0.0"
"US1NJMN0010","40.3034","-74.04","12.8","2015-01-30","0.00",
"US1NJMN0010","40.3034","-74.04","12.8","2015-01-31","0.00","0.0"
"US1NJMN0010","40.3034","-74.04","12.8","2015-02-01","0.00","0.0"
"US1NJMN0010","40.3034","-74.04","12.8","2015-02-02","1.15",
"US1NJMN0010","40.3034","-74.04","12.8","2015-02-03","0.60",
"US1NJMN0010","40.3034","-74.04","12.8","2015-02-04","0.00","0.0"
"US1NJMN0010","40.3034","-74.04","12.8","2015-02-05","0.00","0.0"
"US1NJMN0010","40.3034","-74.04","12.8","2015-02-06","0.00","0.0"
"US1NJMN0010","40.3034","-74.04","12.8","2015-02-07","0.00","0.0"
"US1NJMN0010","40.3034","-74.04","12.8","2015-02-08","0.00","0.0"
"US1NJMN0010","40.3034","-74.04","12.8","2015-02-09","0.00",
"US1NJMN0010","40.3034","-74.04","12.8","2015-02-10","0.00",
"US1NJMN0010","40.3034","-74.04","12.8","2015-02-11","0.00","0.0"
"US1NJMN0010","40.3034","-74.04","12.8","2015-02-12","0.00","0.0"
"US1NJMN0010","40.3034","-74.04","12.8","2015-02-13","0.00","0.0"
"US1NJMN0010","40.3034","-74.04","12.8","2015-02-14","0.00","0.0"
"US1NJMN0010","40.3034","-74.04","12.8","2015-02-15","0.13",
"US1NJMN0010","40.3034","-74.04","12.8","2015-02-16","0.00","0.0"
"US1NJMN0010","40.3034","-74.04","12.8","2015-02-17","0.21",
"US1NJMN0010","40.3034","-74.04","12.8","2015-02-18","0.06",
"US1NJMN0010","40.3034","-74.04","12.8","2015-02-19","0.00","0.0"
"US1NJMN0010","40.3034","-74.04","12.8","2015-02-20","0.00",
"US1NJMN0010","40.3034","-74.04","12.8","2015-02-21","0.00","0.0"
"US1NJMN0010","40.3034","-74.04","12.8","2015-02-22","0.92",
"US1NJMN0010","40.3034","-74.04","12.8","2015-02-23","0.00","0.0"
"US1NJMN0010","40.3034","-74.04","12.8","2015-02-24","0.00","0.0"
"US1NJMN0010","40.3034","-74.04","12.8","2015-02-25","0.00","0.0"
"US1NJMN0010","40.3034","-74.04","12.8","2015-02-26","0.00","0.0"
"US1NJMN0010","40.3034","-74.04","12.8","2015-02-27","0.00","0.0"
"US1NJMN0010","40.3034","-74.04","12.8","2015-03-01","0.00","0.0"
"US1NJMN0010","40.3034","-74.04","12.8","2015-03-02","0.53",
"US1NJMN0010","40.3034","-74.04","12.8","2015-03-03","0.00","0.0"
"US1NJMN0010","40.3034","-74.04","12.8","2015-03-04","0.54",
"US1NJMN0010","40.3034","-74.04","12.8","2015-03-05","0.34",
"US1NJMN0010","40.3034","-74.04","12.8","2015-03-06","0.53",
"US1NJMN0010","40.3034","-74.04","12.8","2015-03-07","0.00","0.0"
"US1NJMN0010","40.3034","-74.04","12.8","2015-03-08","0.00","0.0"
"US1NJMN0010","40.3034","-74.04","12.8","2015-03-09","0.00",
"US1NJMN0010","40.3034","-74.04","12.8","2015-03-10","0.00","0.0"
"US1NJMN0010","40.3034","-74.04","12.8","2015-03-11","0.39",
"US1NJMN0010","40.3034","-74.04","12.8","2015-03-12","0.00","0.0"
"US1NJMN0010","40.3034","-74.04","12.8","2015-03-13","0.00","0.0"
"US1NJMN0010","40.3034","-74.04","12.8","2015-03-14","0.31",
"US1NJMN0010","40.3034","-74.04","12.8","2015-03-15","0.44",
"US1NJMN0010","40.3034","-74.04","12.8","2015-03-16","0.00",
"US1NJMN0010","40.3034","-74.04","12.8","2015-03-17","0.00",
"US1NJMN0010","40.3034","-74.04","12.8","2015-03-18","0.00",
"US1NJMN0010","40.3034","-74.04","12.8","2015-03-19","0.00","0.0"
"US1NJMN0010","40.3034","-74.04","12.8","2015-03-20","0.00","0.0"
"US1NJMN0010","40.3034","-74.04","12.8","2015-03-21","1.10",
"US1NJMN0010","40.3034","-74.04","12.8","2015-03-22","0.00","0.0"
"US1NJMN0010","40.3034","-74.04","12.8","2015-03-23","0.00","0.0"
"US1NJMN0010","40.3034","-74.04","12.8","2015-03-24","0.00","0.0"
"US1NJMN0010","40.3034","-74.04","12.8","2015-03-25","0.00","0.0"
"US1NJMN0010","40.3034","-74.04","12.8","2015-03-26","0.15",
"US1NJMN0010","40.3034","-74.04","12.8","2015-03-27","0.52",
"US1NJMN0010","40.3034","-74.04","12.8","2015-03-28","0.01",
"US1NJMN0010","40.3034","-74.04","12.8","2015-03-29","0.00","0.0"
"US1NJMN0010","40.3034","-74.04","12.8","2015-03-30","0.00",
"US1NJMN0010","40.3034","-74.04","12.8","2015-03-31","0.00","0.0"
"US1NJMN0010","40.3034","-74.04","12.8","2015-04-01","0.05",
"US1NJMN0010","40.3034","-74.04","12.8","2015-04-02","0.00","0.0"
"US1NJMN0010","40.3034","-74.04","12.8","2015-04-03","0.00","0.0"
"US1NJMN0010","40.3034","-74.04","12.8","2015-04-04","0.06",
"US1NJMN0010","40.3034","-74.04","12.8","2015-04-05","0.00","0.0"
"US1NJMN0010","40.3034","-74.04","12.8","2015-04-06","0.00","0.0"
"US1NJMN0010","40.3034","-74.04","12.8","2015-04-07","0.00",
"US1NJMN0010","40.3034","-74.04","12.8","2015-04-08","0.08",
"US1NJMN0010","40.3034","-74.04","12.8","2015-04-09","0.10",
"US1NJMN0010","40.3034","-74.04","12.8","2015-04-10","0.10",
"US1NJMN0010","40.3034","-74.04","12.8","2015-04-11","0.21",
"US1NJMN0010","40.3034","-74.04","12.8","2015-04-12","0.00","0.0"
"US1NJMN0010","40.3034","-74.04","12.8","2015-04-13","0.00","0.0"
"US1NJMN0010","40.3034","-74.04","12.8","2015-04-14","0.00","0.0"
"US1NJMN0010","40.3034","-74.04","12.8","2015-04-15","0.10",
"US1NJMN0010","40.3034","-74.04","12.8","2015-04-16","0.00","0.0"
"US1NJMN0010","40.3034","-74.04","12.8","2015-04-17","0.06",
"US1NJMN0010","40.3034","-74.04","12.8","2015-04-18","0.02",
"US1NJMN0010","40.3034","-74.04","12.8","2015-04-19","0.00","0.0"
"US1NJMN0010","40.3034","-74.04","12.8","2015-04-20","0.00",
"US1NJMN0010","40.3034","-74.04","12.8","2015-04-21","0.73",
"US1NJMN0010","40.3034","-74.04","12.8","2015-04-22","0.01",
"US1NJMN0010","40.3034","-74.04","12.8","2015-04-23","0.12",
"US1NJMN0010","40.3034","-74.04","12.8","2015-04-24","0.00",
"US1NJMN0010","40.3034","-74.04","12.8","2015-04-25","0.00","0.0"
"US1NJMN0010","40.3034","-74.04","12.8","2015-04-26","0.00","0.0"
"US1NJMN0010","40.3034","-74.04","12.8","2015-04-27","0.00","0.0"
"US1NJMN0010","40.3034","-74.04","12.8","2015-04-28","0.00","0.0"
"US1NJMN0010","40.3034","-74.04","12.8","2015-04-29","0.00","0.0"
"US1NJMN0010","40.3034","-74.04","12.8","2015-04-30","0.00","0.0"
"US1NJMN0010","40.3034","-74.04","12.8","2015-05-01","0.00","0.0"
"US1NJMN0010","40.3034","-74.04","12.8","2015-05-02","0.00","0.0"
"US1NJMN0010","40.3034","-74.04","12.8","2015-05-03","0.00","0.0"
"US1NJMN0010","40.3034","-74.04","12.8","2015-05-04","0.00","0.0"
"US1NJMN0010","40.3034","-74.04","12.8","2015-05-05","0.00","0.0"
"US1NJMN0010","40.3034","-74.04","12.8","2015-05-06","0.00","0.0"
"US1NJMN0010","40.3034","-74.04","12.8","2015-05-07","0.00",
"US1NJMN0010","40.3034","-74.04","12.8","2015-05-08","0.00","0.0"
"US1NJMN0010","40.3034","-74.04","12.8","2015-05-09","0.00","0.0"
"US1NJMN0010","40.3034","-74.04","12.8","2015-05-10","0.02",
"US1NJMN0010","40.3034","-74.04","12.8","2015-05-11","0.00","0.0"
"US1NJMN0010","40.3034","-74.04","12.8","2015-05-12","0.08",
"US1NJMN0010","40.3034","-74.04","12.8","2015-05-13","0.00","0.0"
"US1NJMN0010","40.3034","-74.04","12.8","2015-05-14","0.00","0.0"
"US1NJMN0010","40.3034","-74.04","12.8","2015-05-15","0.00","0.0"
"US1NJMN0010","40.3034","-74.04","12.8","2015-05-16","0.00","0.0"
"US1NJMN0010","40.3034","-74.04","12.8","2015-05-17","0.19",
"US1NJMN0010","40.3034","-74.04","12.8","2015-05-18","0.00","0.0"
"US1NJMN0010","40.3034","-74.04","12.8","2015-05-19","0.01",
"US1NJMN0010","40.3034","-74.04","12.8","2015-05-20","0.00","0.0"
"US1NJMN0010","40.3034","-74.04","12.8","2015-05-21","0.00","0.0"
"US1NJMN0010","40.3034","-74.04","12.8","2015-05-22","0.13",
"US1NJMN0010","40.3034","-74.04","12.8","2015-05-23","0.00","0.0"
"US1NJMN0010","40.3034","-74.04","12.8","2015-05-24","0.00","0.0"
"US1NJMN0010","40.3034","-74.04","12.8","2015-05-25","0.00","0.0"
"US1NJMN0010","40.3034","-74.04","12.8","2015-05-26","0.00","0.0"
"US1NJMN0010","40.3034","-74.04","12.8","2015-05-27","0.00","0.0"
"US1NJMN0010","40.3034","-74.04","12.8","2015-05-28","0.00","0.0"
"US1NJMN0010","40.3034","-74.04","12.8","2015-05-29","0.00","0.0"
"US1NJMN0010","40.3034","-74.04","12.8","2015-05-30","0.00","0.0"
"US1NJMN0010","40.3034","-74.04","12.8","2015-05-31","0.00","0.0"
"US1NJMN0010","40.3034","-74.04","12.8","2015-06-01","0.47",
"US1NJMN0010","40.3034","-74.04","12.8","2015-06-02","0.58",
"US1NJMN0010","40.3034","-74.04","12.8","2015-06-03","0.48",
"US1NJMN0010","40.3034","-74.04","12.8","2015-06-04","0.00",
"US1NJMN0010","40.3034","-74.04","12.8","2015-06-05","0.00",
"US1NJMN0010","40.3034","-74.04","12.8","2015-06-06","0.24",
"US1NJMN0010","40.3034","-74.04","12.8","2015-06-07","0.00",
"US1NJMN0010","40.3034","-74.04","12.8","2015-06-08","0.00","0.0"
"US1NJMN0010","40.3034","-74.04","12.8","2015-06-09","0.05",
"US1NJMN0010","40.3034","-74.04","12.8","2015-06-10","0.00",
"US1NJMN0010","40.3034","-74.04","12.8","2015-06-11","0.00","0.0"
"US1NJMN0010","40.3034","-74.04","12.8","2015-06-12","0.00","0.0"
"US1NJMN0010","40.3034","-74.04","12.8","2015-06-13","0.00","0.0"
"US1NJMN0010","40.3034","-74.04","12.8","2015-06-14","0.00","0.0"
"US1NJMN0010","40.3034","-74.04","12.8","2015-06-15","0.57",
"US1NJMN0010","40.3034","-74.04","12.8","2015-06-16","0.63",
"US1NJMN0010","40.3034","-74.04","12.8","2015-06-17","0.17",
"US1NJMN0010","40.3034","-74.04","12.8","2015-06-18","0.00",
"US1NJMN0010","40.3034","-74.04","12.8","2015-06-19","0.11",
"US1NJMN0010","40.3034","-74.04","12.8","2015-06-20","0.01",
"US1NJMN0010","40.3034","-74.04","12.8","2015-06-21","0.26",
"US1NJMN0010","40.3034","-74.04","12.8","2015-06-29","0.00",
"US1NJMN0010","40.3034","-74.04","12.8","2015-06-30","0.00","0.0"
"US1NJMN0010","40.3034","-74.04","12.8","2015-07-01","0.02",
"US1NJMN0010","40.3034","-74.04","12.8","2015-07-02","0.00","0.0"
"US1NJMN0010","40.3034","-74.04","12.8","2015-07-03","0.02",
"US1NJMN0010","40.3034","-74.04","12.8","2015-07-04","0.00","0.0"
"US1NJMN0010","40.3034","-74.04","12.8","2015-07-05","0.00",
"US1NJMN0010","40.3034","-74.04","12.8","2015-07-06","0.00","0.0"
"US1NJMN0010","40.3034","-74.04","12.8","2015-07-07","0.00","0.0"
"US1NJMN0010","40.3034","-74.04","12.8","2015-07-08","0.07",
"US1NJMN0010","40.3034","-74.04","12.8","2015-07-09","0.00",
"US1NJMN0010","40.3034","-74.04","12.8","2015-07-10","0.23",
"US1NJMN0010","40.3034","-74.04","12.8","2015-07-11","0.00","0.0"
"US1NJMN0010","40.3034","-74.04","12.8","2015-07-12","0.00","0.0"
"US1NJMN0010","40.3034","-74.04","12.8","2015-07-13","0.00","0.0"
"US1NJMN0010","40.3034","-74.04","12.8","2015-07-14","0.00","0.0"
"US1NJMN0010","40.3034","-74.04","12.8","2015-07-15","0.62",
"US1NJMN0010","40.3034","-74.04","12.8","2015-07-16","0.13",
"US1NJMN0010","40.3034","-74.04","12.8","2015-07-17","0.00","0.0"
"US1NJMN0010","40.3034","-74.04","12.8","2015-07-18","0.00","0.0"
"US1NJMN0010","40.3034","-74.04","12.8","2015-07-19","0.02",
"US1NJMN0010","40.3034","-74.04","12.8","2015-07-20","0.00","0.0"
"US1NJMN0010","40.3034","-74.04","12.8","2015-07-21","0.00","0.0"
"US1NJMN0010","40.3034","-74.04","12.8","2015-07-22","0.00","0.0"
"US1NJMN0010","40.3034","-74.04","12.8","2015-07-23","0.00","0.0"
"US1NJMN0010","40.3034","-74.04","12.8","2015-07-24","0.00","0.0"
"US1NJMN0010","40.3034","-74.04","12.8","2015-07-25","0.00","0.0"
"US1NJMN0010","40.3034","-74.04","12.8","2015-07-26","0.00","0.0"
"US1NJMN0010","40.3034","-74.04","12.8","2015-07-27","0.03",
"US1NJMN0010","40.3034","-74.04","12.8","2015-07-28","0.00",
"US1NJMN0010","40.3034","-74.04","12.8","2015-07-29","0.00","0.0"
"US1NJMN0010","40.3034","-74.04","12.8","2015-07-30","0.00","0.0"
"US1NJMN0010","40.3034","-74.04","12.8","2015-07-31","0.37",
"US1NJMN0010","40.3034","-74.04","12.8","2015-08-01","0.00","0.0"
"US1NJMN0010","40.3034","-74.04","12.8","2015-08-02","0.00","0.0"
"US1NJMN0010","40.3034","-74.04","12.8","2015-08-03","0.00","0.0"
"US1NJMN0010","40.3034","-74.04","12.8","2015-08-04","0.00","0.0"
"US1NJMN0010","40.3034","-74.04","12.8","2015-08-05","0.00","0.0"
"US1NJMN0010","40.3034","-74.04","12.8","2015-08-16","0.00","0.0"
"US1NJMN0010","40.3034","-74.04","12.8","2015-08-17","0.04",
"US1NJMN0010","40.3034","-74.04","12.8","2015-08-18","0.00",
"US1NJMN0010","40.3034","-74.04","12.8","2015-08-19","0.00","0.0"
"US1NJMN0010","40.3034","-74.04","12.8","2015-08-20","0.00","0.0"
"US1NJMN0010","40.3034","-74.04","12.8","2015-08-21","0.84","0.0"
"US1NJMN0010","40.3034","-74.04","12.8","2015-08-22","0.00","0.0"
"US1NJMN0010","40.3034","-74.04","12.8","2015-08-23","0.00","0.0"
"US1NJMN0010","40.3034","-74.04","12.8","2015-08-24","0.00","0.0"
"US1NJMN0010","40.3034","-74.04","12.8","2015-08-25","0.00","0.0"
"US1NJMN0010","40.3034","-74.04","12.8","2015-08-26","0.00","0.0"
"US1NJMN0010","40.3034","-74.04","12.8","2015-08-27","0.00","0.0"
"US1NJMN0010","40.3034","-74.04","12.8","2015-08-28","0.00","0.0"
"US1NJMN0010","40.3034","-74.04","12.8","2015-08-29","0.00","0.0"
"US1NJMN0010","40.3034","-74.04","12.8","2015-08-30","0.00","0.0"
"US1NJMN0010","40.3034","-74.04","12.8","2015-08-31","0.00","0.0"
"US1NJMN0010","40.3034","-74.04","12.8","2015-09-01","0.00","0.0"
"US1NJMN0010","40.3034","-74.04","12.8","2015-09-02","0.00","0.0"
"US1NJMN0010","40.3034","-74.04","12.8","2015-09-03","0.00","0.0"
"US1NJMN0010","40.3034","-74.04","12.8","2015-09-04","0.00","0.0"
"US1NJMN0010","40.3034","-74.04","12.8","2015-09-05","0.00","0.0"
"US1NJMN0010","40.3034","-74.04","12.8","2015-09-06","0.00","0.0"
"US1NJMN0010","40.3034","-74.04","12.8","2015-09-07","0.00","0.0"
"US1NJMN0010","40.3034","-74.04","12.8","2015-09-08","0.00","0.0"
"US1NJMN0010","40.3034","-74.04","12.8","2015-09-09","0.00","0.0"
"US1NJMN0010","40.3034","-74.04","12.8","2015-09-10","0.02",
"US1NJMN0010","40.3034","-74.04","12.8","2015-09-11","0.63",
"US1NJMN0010","40.3034","-74.04","12.8","2015-09-12","0.00","0.0"
"US1NJMN0010","40.3034","-74.04","12.8","2015-09-13","0.06",
"US1NJMN0010","40.3034","-74.04","12.8","2015-09-14","0.02",
"US1NJMN0010","40.3034","-74.04","12.8","2015-09-15","0.00","0.0"
"US1NJMN0010","40.3034","-74.04","12.8","2015-09-16","0.00","0.0"
"US1NJMN0010","40.3034","-74.04","12.8","2015-09-17","0.00","0.0"
"US1NJMN0010","40.3034","-74.04","12.8","2015-09-18","0.00","0.0"
"US1NJMN0010","40.3034","-74.04","12.8","2015-09-19","0.00","0.0"
"US1NJMN0010","40.3034","-74.04","12.8","2015-09-20","0.00","0.0"
"US1NJMN0010","40.3034","-74.04","12.8","2015-09-21","0.00","0.0"
"US1NJMN0010","40.3034","-74.04","12.8","2015-09-22","0.00","0.0"
"US1NJMN0010","40.3034","-74.04","12.8","2015-09-23","0.00","0.0"
"US1NJMN0010","40.3034","-74.04","12.8","2015-09-24","0.00","0.0"
"US1NJMN0010","40.3034","-74.04","12.8","2015-09-25","0.00","0.0"
"US1NJMN0010","40.3034","-74.04","12.8","2015-09-26","0.00","0.0"
"US1NJMN0010","40.3034","-74.04","12.8","2015-09-27","0.00","0.0"
"US1NJMN0010","40.3034","-74.04","12.8","2015-09-28","0.00","0.0"
"US1NJMN0010","40.3034","-74.04","12.8","2015-09-29","0.00","0.0"
"US1NJMN0010","40.3034","-74.04","12.8","2015-09-30","0.99",
"US1NJMN0010","40.3034","-74.04","12.8","2015-10-01","0.03",
"US1NJMN0010","40.3034","-74.04","12.8","2015-10-02","0.29",
"US1NJMN0010","40.3034","-74.04","12.8","2015-10-03","2.25",
"US1NJMN0010","40.3034","-74.04","12.8","2015-10-04","0.04",
"US1NJMN0010","40.3034","-74.04","12.8","2015-10-05","0.00","0.0"
"US1NJMN0010","40.3034","-74.04","12.8","2015-10-06","0.00","0.0"
"US1NJMN0010","40.3034","-74.04","12.8","2015-10-07","0.00","0.0"
"US1NJMN0010","40.3034","-74.04","12.8","2015-10-08","0.00","0.0"
"US1NJMN0010","40.3034","-74.04","12.8","2015-10-09","0.00","0.0"
"US1NJMN0010","40.3034","-74.04","12.8","2015-10-10","0.25",
"US1NJMN0010","40.3034","-74.04","12.8","2015-10-11","0.00","0.0"
"US1NJMN0010","40.3034","-74.04","12.8","2015-10-12","0.00","0.0"
"US1NJMN0010","40.3034","-74.04","12.8","2015-10-13","0.00",
"US1NJMN0010","40.3034","-74.04","12.8","2015-10-14","0.21",
"US1NJMN0010","40.3034","-74.04","12.8","2015-10-15","0.00","0.0"
"US1NJMN0010","40.3034","-74.04","12.8","2015-10-16","0.00","0.0"
"US1NJMN0010","40.3034","-74.04","12.8","2015-10-17","0.00","0.0"
"US1NJMN0010","40.3034","-74.04","12.8","2015-10-18","0.00","0.0"
"US1NJMN0010","40.3034","-74.04","12.8","2015-10-19","0.00","0.0"
"US1NJMN0010","40.3034","-74.04","12.8","2015-10-20","0.00","0.0"
"US1NJMN0010","40.3034","-74.04","12.8","2015-10-21","0.00","0.0"
"US1NJMN0010","40.3034","-74.04","12.8","2015-10-22","0.00","0.0"
"US1NJMN0010","40.3034","-74.04","12.8","2015-10-23","0.00","0.0"
"US1NJMN0010","40.3034","-74.04","12.8","2015-10-24","0.00","0.0"
"US1NJMN0010","40.3034","-74.04","12.8","2015-10-25","0.01",
"US1NJMN0010","40.3034","-74.04","12.8","2015-10-26","0.00",
"US1NJMN0010","40.3034","-74.04","12.8","2015-10-27","0.00","0.0"
"US1NJMN0010","40.3034","-74.04","12.8","2015-10-28","0.00",
"US1NJMN0010","40.3034","-74.04","12.8","2015-10-29","1.50",
"US1NJMN0010","40.3034","-74.04","12.8","2015-10-30","0.00","0.0"
"US1NJMN0010","40.3034","-74.04","12.8","2015-10-31","0.00","0.0"
"US1NJMN0010","40.3034","-74.04","12.8","2015-11-01","0.00","0.0"
"US1NJMN0010","40.3034","-74.04","12.8","2015-11-02","0.00","0.0"
"US1NJMN0010","40.3034","-74.04","12.8","2015-11-03","0.00","0.0"
"US1NJMN0010","40.3034","-74.04","12.8","2015-11-04","0.00","0.0"
"US1NJMN0010","40.3034","-74.04","12.8","2015-11-05","0.00","0.0"
"US1NJMN0010","40.3034","-74.04","12.8","2015-11-06","0.00",
"US1NJMN0010","40.3034","-74.04","12.8","2015-11-07","0.00","0.0"
"US1NJMN0010","40.3034","-74.04","12.8","2015-11-08","0.00","0.0"
"US1NJMN0010","40.3034","-74.04","12.8","2015-11-09","0.00","0.0"
"US1NJMN0010","40.3034","-74.04","12.8","2015-11-10","0.03",
"US1NJMN0010","40.3034","-74.04","12.8","2015-11-11","1.26",
"US1NJMN0010","40.3034","-74.04","12.8","2015-11-12","0.01",
"US1NJMN0010","40.3034","-74.04","12.8","2015-11-13","0.06",
"US1NJMN0010","40.3034","-74.04","12.8","2015-11-14","0.00","0.0"
"US1NJMN0010","40.3034","-74.04","12.8","2015-11-15","0.00","0.0"
"US1NJMN0010","40.3034","-74.04","12.8","2015-11-16","0.00","0.0"
"US1NJMN0010","40.3034","-74.04","12.8","2015-11-17","0.00","0.0"
"US1NJMN0010","40.3034","-74.04","12.8","2015-11-18","0.00","0.0"
"US1NJMN0010","40.3034","-74.04","12.8","2015-11-19","0.00",
"US1NJMN0010","40.3034","-74.04","12.8","2015-11-20","0.74",
"US1NJMN0010","40.3034","-74.04","12.8","2015-11-21","0.00","0.0"
"US1NJMN0010","40.3034","-74.04","12.8","2015-11-22","0.00","0.0"
"US1NJMN0010","40.3034","-74.04","12.8","2015-11-23","0.00","0.0"
"US1NJMN0010","40.3034","-74.04","12.8","2015-11-24","0.00","0.0"
"US1NJMN0010","40.3034","-74.04","12.8","2015-11-25","0.00","0.0"
"US1NJMN0010","40.3034","-74.04","12.8","2015-11-26","0.00","0.0"
"US1NJMN0010","40.3034","-74.04","12.8","2015-11-27","0.00","0.0"
"US1NJMN0010","40.3034","-74.04","12.8","2015-11-28","0.00","0.0"
"US1NJMN0010","40.3034","-74.04","12.8","2015-11-29","0.03",
"US1NJMN0010","40.3034","-74.04","12.8","2015-11-30","0.01",
"US1NJMN0010","40.3034","-74.04","12.8","2015-12-01","0.23",
"US1NJMN0010","40.3034","-74.04","12.8","2015-12-02","0.59",
"US1NJMN0010","40.3034","-74.04","12.8","2015-12-03","0.05",
"US1NJMN0010","40.3034","-74.04","12.8","2015-12-04","0.00","0.0"
"US1NJMN0010","40.3034","-74.04","12.8","2015-12-05","0.00","0.0"
"US1NJMN0010","40.3034","-74.04","12.8","2015-12-06","0.00","0.0"
"US1NJMN0010","40.3034","-74.04","12.8","2015-12-07","0.00","0.0"
"US1NJMN0010","40.3034","-74.04","12.8","2015-12-08","0.00","0.0"
"US1NJMN0010","40.3034","-74.04","12.8","2015-12-09","0.00","0.0"
"US1NJMN0010","40.3034","-74.04","12.8","2015-12-10","0.00",
"US1NJMN0010","40.3034","-74.04","12.8","2015-12-11","0.00","0.0"
"US1NJMN0010","40.3034","-74.04","12.8","2015-12-12","0.00","0.0"
"US1NJMN0010","40.3034","-74.04","12.8","2015-12-13","0.00","0.0"
"US1NJMN0010","40.3034","-74.04","12.8","2015-12-14","0.00",
"US1NJMN0010","40.3034","-74.04","12.8","2015-12-15","0.38",
"US1NJMN0010","40.3034","-74.04","12.8","2015-12-16","0.00","0.0"
"US1NJMN0010","40.3034","-74.04","12.8","2015-12-17","0.00","0.0"
"US1NJMN0010","40.3034","-74.04","12.8","2015-12-18","1.05",
"US1NJMN0010","40.3034","-74.04","12.8","2015-12-19","0.01",
"US1NJMN0010","40.3034","-74.04","12.8","2015-12-20","0.00","0.0"
"US1NJMN0010","40.3034","-74.04","12.8","2015-12-21","0.00","0.0"
"US1NJMN0010","40.3034","-74.04","12.8","2015-12-22","0.00","0.0"
"US1NJMN0010","40.3034","-74.04","12.8","2015-12-23","0.11",
"US1NJMN0010","40.3034","-74.04","12.8","2015-12-24","0.79",
"US1NJMN0010","40.3034","-74.04","12.8","2015-12-25","0.01",
"US1NJMN0010","40.3034","-74.04","12.8","2015-12-26","0.34",
"US1NJMN0010","40.3034","-74.04","12.8","2015-12-27","0.03",
"US1NJMN0010","40.3034","-74.04","12.8","2015-12-28","0.06",
"US1NJMN0010","40.3034","-74.04","12.8","2015-12-29","0.54",
"US1NJMN0010","40.3034","-74.04","12.8","2015-12-30","0.66",
"US1NJMN0010","40.3034","-74.04","12.8","2015-12-31","0.27",
"US1NJMN0010","40.3034","-74.04","12.8","2016-01-01","0.00","0.0"
"US1NJMN0010","40.3034","-74.04","12.8","2016-01-02","0.00","0.0"
"US1NJMN0010","40.3034","-74.04","12.8","2016-01-03","0.00","0.0"
"US1NJMN0010","40.3034","-74.04","12.8","2016-01-04","0.00","0.0"
"US1NJMN0010","40.3034","-74.04","12.8","2016-01-05","0.00","0.0"
"US1NJMN0010","40.3034","-74.04","12.8","2016-01-06","0.00","0.0"
"US1NJMN0010","40.3034","-74.04","12.8","2016-01-07","0.00","0.0"
"US1NJMN0010","40.3034","-74.04","12.8","2016-01-08","0.00","0.0"
"US1NJMN0010","40.3034","-74.04","12.8","2016-01-09","0.00","0.0"
"US1NJMN0010","40.3034","-74.04","12.8","2016-01-10","1.43",
"US1NJMN0010","40.3034","-74.04","12.8","2016-01-11","0.20",
"US1NJMN0010","40.3034","-74.04","12.8","2016-01-12","0.00","0.0"
"US1NJMN0010","40.3034","-74.04","12.8","2016-01-13","0.00","0.0"
"US1NJMN0010","40.3034","-74.04","12.8","2016-01-14","0.00","0.0"
"US1NJMN0010","40.3034","-74.04","12.8","2016-01-15","0.00","0.0"
"US1NJMN0010","40.3034","-74.04","12.8","2016-01-16","0.25",
"US1NJMN0010","40.3034","-74.04","12.8","2016-01-17","0.00","0.0"
"US1NJMN0010","40.3034","-74.04","12.8","2016-01-18","0.07",
"US1NJMN0010","40.3034","-74.04","12.8","2016-01-19","0.00","0.0"
"US1NJMN0010","40.3034","-74.04","12.8","2016-01-20","0.00","0.0"
"US1NJMN0010","40.3034","-74.04","12.8","2016-01-21","0.00","0.0"
"US1NJMN0010","40.3034","-74.04","12.8","2016-01-22","0.00","0.0"
"US1NJMN0010","40.3034","-74.04","12.8","2016-01-25","0.00","0.0"
"US1NJMN0010","40.3034","-74.04","12.8","2016-01-26","0.00","0.0"
"US1NJMN0010","40.3034","-74.04","12.8","2016-01-27","0.00",
"US1NJMN0010","40.3034","-74.04","12.8","2016-01-28","0.00","0.0"
"US1NJMN0010","40.3034","-74.04","12.8","2016-01-29","0.00","0.0"
"US1NJMN0010","40.3034","-74.04","12.8","2016-01-30","0.00","0.0"
"US1NJMN0010","40.3034","-74.04","12.8","2016-01-31","0.00","0.0"
"US1NJMN0010","40.3034","-74.04","12.8","2016-02-01","0.00","0.0"
"US1NJMN0010","40.3034","-74.04","12.8","2016-02-02","0.06",
"US1NJMN0010","40.3034","-74.04","12.8","2016-02-03","0.00","0.0"
"US1NJMN0010","40.3034","-74.04","12.8","2016-02-04","0.23",
"US1NJMN0010","40.3034","-74.04","12.8","2016-02-05","0.45",
"US1NJMN0010","40.3034","-74.04","12.8","2016-02-06","0.31",
"US1NJMN0010","40.3034","-74.04","12.8","2016-02-07","0.00","0.0"
"US1NJMN0010","40.3034","-74.04","12.8","2016-02-08","0.00","0.0"
"US1NJMN0010","40.3034","-74.04","12.8","2016-02-09","0.06",
"US1NJMN0010","40.3034","-74.04","12.8","2016-02-10","0.02",
"US1NJMN0010","40.3034","-74.04","12.8","2016-02-11","0.00",
"US1NJMN0010","40.3034","-74.04","12.8","2016-02-12","0.00","0.0"
"US1NJMN0010","40.3034","-74.04","12.8","2016-02-13","0.00","0.0"
"US1NJMN0010","40.3034","-74.04","12.8","2016-02-14","0.00",
"US1NJMN0010","40.3034","-74.04","12.8","2016-02-15","0.00","0.0"
"US1NJMN0010","40.3034","-74.04","12.8","2016-02-16","0.47",
"US1NJMN0010","40.3034","-74.04","12.8","2016-02-17","0.93",
"US1NJMN0010","40.3034","-74.04","12.8","2016-02-18","0.00","0.0"
"US1NJMN0010","40.3034","-74.04","12.8","2016-02-19","0.00","0.0"
"US1NJMN0010","40.3034","-74.04","12.8","2016-02-20","0.00","0.0"
"US1NJMN0010","40.3034","-74.04","12.8","2016-02-21","0.00","0.0"
"US1NJMN0010","40.3034","-74.04","12.8","2016-02-22","0.12",
"US1NJMN0010","40.3034","-74.04","12.8","2016-02-23","0.00","0.0"
"US1NJMN0010","40.3034","-74.04","12.8","2016-02-24","1.10",
"US1NJMN0010","40.3034","-74.04","12.8","2016-02-25","0.84",
"US1NJMN0010","40.3034","-74.04","12.8","2016-02-26","0.00","0.0"
"US1NJMN0010","40.3034","-74.04","12.8","2016-02-27","0.00","0.0"
"US1NJMN0010","40.3034","-74.04","12.8","2016-02-28","0.00","0.0"
"US1NJMN0010","40.3034","-74.04","12.8","2016-02-29","0.00","0.0"
"US1NJMN0010","40.3034","-74.04","12.8","2016-03-01","0.00",
"US1NJMN0010","40.3034","-74.04","12.8","2016-03-02","0.10",
"US1NJMN0010","40.3034","-74.04","12.8","2016-03-03","0.00",
"US1NJMN0010","40.3034","-74.04","12.8","2016-03-04","0.14",
"US1NJMN0010","40.3034","-74.04","12.8","2016-03-05","0.16",
"US1NJMN0010","40.3034","-74.04","12.8","2016-03-06","0.00","0.0"
"US1NJMN0010","40.3034","-74.04","12.8","2016-03-07","0.00","0.0"
"US1NJMN0010","40.3034","-74.04","12.8","2016-03-08","0.00","0.0"
"US1NJMN0010","40.3034","-74.04","12.8","2016-03-09","0.00","0.0"
"US1NJMN0010","40.3034","-74.04","12.8","2016-03-10","0.00","0.0"
"US1NJMN0010","40.3034","-74.04","12.8","2016-03-11","0.01",
"US1NJMN0010","40.3034","-74.04","12.8","2016-03-12","0.00","0.0"
"US1NJMN0010","40.3034","-74.04","12.8","2016-03-13","0.00","0.0"
"US1NJMN0010","40.3034","-74.04","12.8","2016-03-14","0.02",
"US1NJMN0010","40.3034","-74.04","12.8","2016-03-15","1.29",
"US1NJMN0010","40.3034","-74.04","12.8","2016-03-16","0.00","0.0"
"US1NJMN0010","40.3034","-74.04","12.8","2016-03-17","0.00",
"US1NJMN0010","40.3034","-74.04","12.8","2016-03-18","0.00","0.0"
"US1NJMN0010","40.3034","-74.04","12.8","2016-03-19","0.00","0.0"
"US1NJMN0010","40.3034","-74.04","12.8","2016-03-20","0.00","0.0"
"US1NJMN0010","40.3034","-74.04","12.8","2016-03-21","0.17",
"US1NJMN0010","40.3034","-74.04","12.8","2016-03-22","0.00","0.0"
"US1NJMN0010","40.3034","-74.04","12.8","2016-03-23","0.00","0.0"
"US1NJMN0010","40.3034","-74.04","12.8","2016-03-24","0.00","0.0"
"US1NJMN0010","40.3034","-74.04","12.8","2016-03-25","0.00",
"US1NJMN0010","40.3034","-74.04","12.8","2016-03-26","0.00","0.0"
"US1NJMN0010","40.3034","-74.04","12.8","2016-03-27","0.00","0.0"
"US1NJMN0010","40.3034","-74.04","12.8","2016-03-28","0.37",
"US1NJMN0010","40.3034","-74.04","12.8","2016-03-29","0.17",
"US1NJMN0010","40.3034","-74.04","12.8","2016-03-30","0.00","0.0"
"US1NJMN0010","40.3034","-74.04","12.8","2016-03-31","0.00","0.0"
"US1NJMN0010","40.3034","-74.04","12.8","2016-04-01","0.00","0.0"
"US1NJMN0010","40.3034","-74.04","12.8","2016-04-02","0.61",
"US1NJMN0010","40.3034","-74.04","12.8","2016-04-03","0.27",
"US1NJMN0010","40.3034","-74.04","12.8","2016-04-04","0.00","0.0"
"US1NJMN0010","40.3034","-74.04","12.8","2016-04-05","0.34",
"US1NJMN0010","40.3034","-74.04","12.8","2016-04-06","0.00","0.0"
"US1NJMN0010","40.3034","-74.04","12.8","2016-04-07","0.00","0.0"
"US1NJMN0010","40.3034","-74.04","12.8","2016-04-08","0.19",
"US1NJMN0010","40.3034","-74.04","12.8","2016-04-09","0.00","0.0"
"US1NJMN0010","40.3034","-74.04","12.8","2016-04-10","0.28",
"US1NJMN0010","40.3034","-74.04","12.8","2016-04-11","0.00",
"US1NJMN0010","40.3034","-74.04","12.8","2016-04-12","0.00","0.0"
"US1NJMN0010","40.3034","-74.04","12.8","2016-04-13","0.09",
"US1NJMN0010","40.3034","-74.04","12.8","2016-04-14","0.00","0.0"
"US1NJMN0010","40.3034","-74.04","12.8","2016-04-15","0.00","0.0"
"US1NJMN0010","40.3034","-74.04","12.8","2016-04-16","0.00","0.0"
"US1NJMN0010","40.3034","-74.04","12.8","2016-04-17","0.00","0.0"
"US1NJMN0010","40.3034","-74.04","12.8","2016-04-18","0.00","0.0"
"US1NJMN0010","40.3034","-74.04","12.8","2016-04-19","0.00","0.0"
"US1NJMN0010","40.3034","-74.04","12.8","2016-04-20","0.00","0.0"
"US1NJMN0010","40.3034","-74.04","12.8","2016-04-21","0.00","0.0"
"US1NJMN0010","40.3034","-74.04","12.8","2016-04-22","0.00","0.0"
"US1NJMN0010","40.3034","-74.04","12.8","2016-04-23","0.13",
"US1NJMN0010","40.3034","-74.04","12.8","2016-04-24","0.00","0.0"
"US1NJMN0010","40.3034","-74.04","12.8","2016-04-25","0.00","0.0"
"US1NJMN0010","40.3034","-74.04","12.8","2016-04-26","0.00","0.0"
"US1NJMN0010","40.3034","-74.04","12.8","2016-04-27","0.03",
"US1NJMN0010","40.3034","-74.04","12.8","2016-04-28","0.00","0.0"
"US1NJMN0010","40.3034","-74.04","12.8","2016-04-29","0.06",
"US1NJMN0010","40.3034","-74.04","12.8","2016-04-30","0.06",
"US1NJMN0010","40.3034","-74.04","12.8","2016-05-01","0.00",
"US1NJMN0010","40.3034","-74.04","12.8","2016-05-02","0.44",
"US1NJMN0010","40.3034","-74.04","12.8","2016-05-03","0.43",
"US1NJMN0010","40.3034","-74.04","12.8","2016-05-04","0.26",
"US1NJMN0010","40.3034","-74.04","12.8","2016-05-05","0.31",
"US1NJMN0010","40.3034","-74.04","12.8","2016-05-06","0.30",
"US1NJMN0010","40.3034","-74.04","12.8","2016-05-07","0.44",
"US1NJMN0010","40.3034","-74.04","12.8","2016-05-08","0.02",
"US1NJMN0010","40.3034","-74.04","12.8","2016-05-09","0.05",
"US1NJMN0010","40.3034","-74.04","12.8","2016-05-10","0.00","0.0"
"US1NJMN0010","40.3034","-74.04","12.8","2016-05-11","0.00","0.0"
"US1NJMN0010","40.3034","-74.04","12.8","2016-05-12","0.00","0.0"
"US1NJMN0010","40.3034","-74.04","12.8","2016-05-13","0.00","0.0"
"US1NJMN0010","40.3034","-74.04","12.8","2016-05-14","0.19",
"US1NJMN0010","40.3034","-74.04","12.8","2016-05-15","0.00","0.0"
"US1NJMN0010","40.3034","-74.04","12.8","2016-05-16","0.00",
"US1NJMN0010","40.3034","-74.04","12.8","2016-05-17","0.00","0.0"
"US1NJMN0010","40.3034","-74.04","12.8","2016-05-18","0.06",
"US1NJMN0010","40.3034","-74.04","12.8","2016-05-19","0.01",
"US1NJMN0010","40.3034","-74.04","12.8","2016-05-20","0.00","0.0"
"US1NJMN0010","40.3034","-74.04","12.8","2016-05-21","0.00","0.0"
"US1NJMN0010","40.3034","-74.04","12.8","2016-05-22","0.28",
"US1NJMN0010","40.3034","-74.04","12.8","2016-05-23","0.01",
"US1NJMN0010","40.3034","-74.04","12.8","2016-05-24","0.08",
"US1NJMN0010","40.3034","-74.04","12.8","2016-05-25","0.04",
"US1NJMN0010","40.3034","-74.04","12.8","2016-05-26","0.00","0.0"
"US1NJMN0010","40.3034","-74.04","12.8","2016-05-27","0.00","0.0"
"US1NJMN0010","40.3034","-74.04","12.8","2016-05-28","0.00","0.0"
"US1NJMN0010","40.3034","-74.04","12.8","2016-05-29","0.00","0.0"
"US1NJMN0010","40.3034","-74.04","12.8","2016-05-30","1.12",
"US1NJMN0010","40.3034","-74.04","12.8","2016-05-31","0.02",
"US1NJMN0010","40.3034","-74.04","12.8","2016-06-01","0.00","0.0"
"US1NJMN0010","40.3034","-74.04","12.8","2016-06-02","0.00","0.0"
"US1NJMN0010","40.3034","-74.04","12.8","2016-06-03","0.00",
"US1NJMN0010","40.3034","-74.04","12.8","2016-06-04","0.01",
"US1NJMN0010","40.3034","-74.04","12.8","2016-06-05","0.00","0.0"
"US1NJMN0010","40.3034","-74.04","12.8","2016-06-06","0.38",
"US1NJMN0010","40.3034","-74.04","12.8","2016-06-07","0.00","0.0"
"US1NJMN0010","40.3034","-74.04","12.8","2016-06-08","0.05",
"US1NJMN0010","40.3034","-74.04","12.8","2016-06-09","0.35",
"US1NJMN0010","40.3034","-74.04","12.8","2016-06-10","0.00","0.0"
"US1NJMN0010","40.3034","-74.04","12.8","2016-06-11","0.00","0.0"
"US1NJMN0010","40.3034","-74.04","12.8","2016-06-12","0.00","0.0"
"US1NJMN0010","40.3034","-74.04","12.8","2016-06-13","0.00","0.0"
"US1NJMN0010","40.3034","-74.04","12.8","2016-06-14","0.00","0.0"
"US1NJMN0010","40.3034","-74.04","12.8","2016-06-15","0.00","0.0"
"US1NJMN0010","40.3034","-74.04","12.8","2016-06-16","0.01",
"US1NJMN0010","40.3034","-74.04","12.8","2016-06-17","0.00",
"US1NJMN0010","40.3034","-74.04","12.8","2016-06-18","0.00","0.0"
"US1NJMN0010","40.3034","-74.04","12.8","2016-06-19","0.00","0.0"
"US1NJMN0010","40.3034","-74.04","12.8","2016-06-20","0.00","0.0"
"US1NJMN0010","40.3034","-74.04","12.8","2016-06-21","0.07",
"US1NJMN0010","40.3034","-74.04","12.8","2016-06-22","0.00",
"US1NJMN0010","40.3034","-74.04","12.8","2016-06-23","0.00","0.0"
"US1NJMN0010","40.3034","-74.04","12.8","2016-06-24","0.00","0.0"
"US1NJMN0010","40.3034","-74.04","12.8","2016-06-25","0.00","0.0"
"US1NJMN0010","40.3034","-74.04","12.8","2016-06-26","0.00","0.0"
"US1NJMN0010","40.3034","-74.04","12.8","2016-06-27","0.00","0.0"
"US1NJMN0010","40.3034","-74.04","12.8","2016-06-28","0.79",
"US1NJMN0010","40.3034","-74.04","12.8","2016-06-29","0.04",
"US1NJMN0010","40.3034","-74.04","12.8","2016-06-30","0.00","0.0"
"US1NJMN0010","40.3034","-74.04","12.8","2016-07-01","0.00","0.0"
"US1NJMN0010","40.3034","-74.04","12.8","2016-07-02","2.33",
"US1NJMN0010","40.3034","-74.04","12.8","2016-07-03","0.00","0.0"
"US1NJMN0010","40.3034","-74.04","12.8","2016-07-04","0.00","0.0"
"US1NJMN0010","40.3034","-74.04","12.8","2016-07-05","0.47",
"US1NJMN0010","40.3034","-74.04","12.8","2016-07-06","0.00",
"US1NJMN0010","40.3034","-74.04","12.8","2016-07-07","0.00","0.0"
"US1NJMN0010","40.3034","-74.04","12.8","2016-07-08","0.77",
"US1NJMN0010","40.3034","-74.04","12.8","2016-07-09","0.27",
"US1NJMN0010","40.3034","-74.04","12.8","2016-07-10","0.06",
"US1NJMN0010","40.3034","-74.04","12.8","2016-07-11","0.00","0.0"
"US1NJMN0010","40.3034","-74.04","12.8","2016-07-12","0.00","0.0"
"US1NJMN0010","40.3034","-74.04","12.8","2016-07-13","0.00","0.0"
"US1NJMN0010","40.3034","-74.04","12.8","2016-07-14","0.07",
"US1NJMN0010","40.3034","-74.04","12.8","2016-07-15","0.00","0.0"
"US1NJMN0010","40.3034","-74.04","12.8","2016-07-16","0.00","0.0"
"US1NJMN0010","40.3034","-74.04","12.8","2016-07-17","0.88",
"US1NJMN0010","40.3034","-74.04","12.8","2016-07-18","0.00","0.0"
"US1NJMN0010","40.3034","-74.04","12.8","2016-07-19","0.00",
"US1NJMN0010","40.3034","-74.04","12.8","2016-07-20","0.00","0.0"
"US1NJMN0010","40.3034","-74.04","12.8","2016-07-21","0.00","0.0"
"US1NJMN0010","40.3034","-74.04","12.8","2016-07-22","0.00","0.0"
"US1NJMN0010","40.3034","-74.04","12.8","2016-07-23","0.00","0.0"
"US1NJMN0010","40.3034","-74.04","12.8","2016-07-24","0.00","0.0"
"US1NJMN0010","40.3034","-74.04","12.8","2016-07-25","0.00","0.0"
"US1NJMN0010","40.3034","-74.04","12.8","2016-07-26","0.40",
"US1NJMN0010","40.3034","-74.04","12.8","2016-07-27","0.00","0.0"
"US1NJMN0010","40.3034","-74.04","12.8","2016-07-28","0.00","0.0"
"US1NJMN0010","40.3034","-74.04","12.8","2016-07-29","0.60",
"US1NJMN0010","40.3034","-74.04","12.8","2016-07-30","0.71",
"US1NJMN0010","40.3034","-74.04","12.8","2016-07-31","0.07",
"US1NJMN0010","40.3034","-74.04","12.8","2016-08-01","0.47",
"US1NJMN0010","40.3034","-74.04","12.8","2016-08-02","0.00",
"US1NJMN0010","40.3034","-74.04","12.8","2016-08-03","0.00","0.0"
"US1NJMN0010","40.3034","-74.04","12.8","2016-08-04","0.00","0.0"
"US1NJMN0010","40.3034","-74.04","12.8","2016-08-05","0.00","0.0"
"US1NJMN0010","40.3034","-74.04","12.8","2016-08-06","0.00","0.0"
"US1NJMN0010","40.3034","-74.04","12.8","2016-08-07","0.01",
"US1NJMN0010","40.3034","-74.04","12.8","2016-08-08","0.00","0.0"
"US1NJMN0010","40.3034","-74.04","12.8","2016-08-09","0.00","0.0"
"US1NJMN0010","40.3034","-74.04","12.8","2016-08-10","0.01",
"US1NJMN0010","40.3034","-74.04","12.8","2016-08-11","0.00",
"US1NJMN0010","40.3034","-74.04","12.8","2016-08-12","0.01",
"US1NJMN0010","40.3034","-74.04","12.8","2016-08-13","0.17",
"US1NJMN0010","40.3034","-74.04","12.8","2016-08-14","0.00",
"US1NJMN0010","40.3034","-74.04","12.8","2016-08-15","0.00","0.0"
"US1NJMN0010","40.3034","-74.04","12.8","2016-08-16","0.00","0.0"
"US1NJMN0010","40.3034","-74.04","12.8","2016-08-17","0.03",
"US1NJMN0010","40.3034","-74.04","12.8","2016-08-18","0.03",
"US1NJMN0010","40.3034","-74.04","12.8","2016-08-19","0.00","0.0"
"US1NJMN0010","40.3034","-74.04","12.8","2016-08-20","0.00","0.0"
"US1NJMN0010","40.3034","-74.04","12.8","2016-08-21","0.00","0.0"
"US1NJMN0010","40.3034","-74.04","12.8","2016-08-22","0.18",
"US1NJMN0010","40.3034","-74.04","12.8","2016-08-23","0.00","0.0"
"US1NJMN0010","40.3034","-74.04","12.8","2016-08-24","0.00","0.0"
"US1NJMN0010","40.3034","-74.04","12.8","2016-08-25","0.00","0.0"
"US1NJMN0010","40.3034","-74.04","12.8","2016-08-26","0.00","0.0"
"US1NJMN0010","40.3034","-74.04","12.8","2016-08-27","0.00","0.0"
"US1NJMN0010","40.3034","-74.04","12.8","2016-08-28","0.00","0.0"
"US1NJMN0010","40.3034","-74.04","12.8","2016-08-29","0.00","0.0"
"US1NJMN0010","40.3034","-74.04","12.8","2016-08-30","0.00","0.0"
"US1NJMN0010","40.3034","-74.04","12.8","2016-08-31","0.00","0.0"
"US1NJMN0010","40.3034","-74.04","12.8","2016-09-01","0.16",
"US1NJMN0010","40.3034","-74.04","12.8","2016-09-02","0.06",
"US1NJMN0010","40.3034","-74.04","12.8","2016-09-03","0.00","0.0"
"US1NJMN0010","40.3034","-74.04","12.8","2016-09-04","0.00","0.0"
"US1NJMN0010","40.3034","-74.04","12.8","2016-09-05","0.00","0.0"
"US1NJMN0010","40.3034","-74.04","12.8","2016-09-06","0.00","0.0"
"US1NJMN0010","40.3034","-74.04","12.8","2016-09-07","0.02",
"US1NJMN0010","40.3034","-74.04","12.8","2016-09-08","0.00",
"US1NJMN0010","40.3034","-74.04","12.8","2016-09-09","0.00","0.0"
"US1NJMN0010","40.3034","-74.04","12.8","2016-09-10","0.00","0.0"
"US1NJMN0010","40.3034","-74.04","12.8","2016-09-11","0.00","0.0"
"US1NJMN0010","40.3034","-74.04","12.8","2016-09-12","0.00","0.0"
"US1NJMN0010","40.3034","-74.04","12.8","2016-09-13","0.00","0.0"
"US1NJMN0010","40.3034","-74.04","12.8","2016-09-14","0.00","0.0"
"US1NJMN0010","40.3034","-74.04","12.8","2016-09-15","0.00",
"US1NJMN0010","40.3034","-74.04","12.8","2016-09-16","0.00","0.0"
"US1NJMN0010","40.3034","-74.04","12.8","2016-09-17","0.00","0.0"
"US1NJMN0010","40.3034","-74.04","12.8","2016-09-18","0.00","0.0"
"US1NJMN0010","40.3034","-74.04","12.8","2016-09-19","0.01",
"US1NJMN0010","40.3034","-74.04","12.8","2016-09-20","1.77",
"US1NJMN0010","40.3034","-74.04","12.8","2016-09-21","0.00",
"US1NJMN0010","40.3034","-74.04","12.8","2016-09-22","0.00","0.0"
"US1NJMN0010","40.3034","-74.04","12.8","2016-09-23","0.00","0.0"
"US1NJMN0010","40.3034","-74.04","12.8","2016-09-24","0.00","0.0"
"US1NJMN0010","40.3034","-74.04","12.8","2016-09-25","0.00",
"US1NJMN0010","40.3034","-74.04","12.8","2016-09-26","0.00","0.0"
"US1NJMN0010","40.3034","-74.04","12.8","2016-09-27","0.06",
"US1NJMN0010","40.3034","-74.04","12.8","2016-09-28","0.00",
"US1NJMN0010","40.3034","-74.04","12.8","2016-09-29","0.03",
"US1NJMN0010","40.3034","-74.04","12.8","2016-09-30","0.06",
"US1NJMN0010","40.3034","-74.04","12.8","2016-10-01","1.30",
"US1NJMN0010","40.3034","-74.04","12.8","2016-10-02","0.03",
"US1NJMN0010","40.3034","-74.04","12.8","2016-10-03","0.00",
"US1NJMN0010","40.3034","-74.04","12.8","2016-10-04","0.96",
"US1NJMN0010","40.3034","-74.04","12.8","2016-10-05","0.00",
"US1NJMN0010","40.3034","-74.04","12.8","2016-10-06","0.00","0.0"
"US1NJMN0010","40.3034","-74.04","12.8","2016-10-07","0.00","0.0"
"US1NJMN0010","40.3034","-74.04","12.8","2016-10-08","0.00","0.0"
"US1NJMN0010","40.3034","-74.04","12.8","2016-10-09","0.94",
"US1NJMN0010","40.3034","-74.04","12.8","2016-10-10","0.42",
"US1NJMN0010","40.3034","-74.04","12.8","2016-10-11","0.00","0.0"
"US1NJMN0010","40.3034","-74.04","12.8","2016-10-12","0.00","0.0"
"US1NJMN0010","40.3034","-74.04","12.8","2016-10-13","0.00","0.0"
"US1NJMN0010","40.3034","-74.04","12.8","2016-10-14","0.00","0.0"
"US1NJMN0010","40.3034","-74.04","12.8","2016-10-15","0.00","0.0"
"US1NJMN0010","40.3034","-74.04","12.8","2016-10-16","0.00","0.0"
"US1NJMN0010","40.3034","-74.04","12.8","2016-10-17","0.00","0.0"
"US1NJMN0010","40.3034","-74.04","12.8","2016-10-18","0.00","0.0"
"US1NJMN0010","40.3034","-74.04","12.8","2016-10-19","0.00","0.0"
"US1NJMN0010","40.3034","-74.04","12.8","2016-10-20","0.00","0.0"
"US1NJMN0010","40.3034","-74.04","12.8","2016-10-21","0.00","0.0"
"US1NJMN0010","40.3034","-74.04","12.8","2016-10-22","0.97",
"US1NJMN0010","40.3034","-74.04","12.8","2016-10-23","0.09",
"US1NJMN0010","40.3034","-74.04","12.8","2016-10-24","0.00","0.0"
"US1NJMN0010","40.3034","-74.04","12.8","2016-10-25","0.00","0.0"
"US1NJMN0010","40.3034","-74.04","12.8","2016-10-26","0.00","0.0"
"US1NJMN0010","40.3034","-74.04","12.8","2016-10-27","0.00",
"US1NJMN0010","40.3034","-74.04","12.8","2016-10-28","0.39",
"US1NJMN0010","40.3034","-74.04","12.8","2016-10-29","0.00",
"US1NJMN0010","40.3034","-74.04","12.8","2016-10-30","0.00","0.0"
"US1NJMN0010","40.3034","-74.04","12.8","2016-10-31","0.48",
"US1NJMN0010","40.3034","-74.04","12.8","2016-11-01","0.00","0.0"
"US1NJMN0010","40.3034","-74.04","12.8","2016-11-02","0.00","0.0"
"US1NJMN0010","40.3034","-74.04","12.8","2016-11-03","0.00","0.0"
"US1NJMN0010","40.3034","-74.04","12.8","2016-11-04","0.00","0.0"
"US1NJMN0010","40.3034","-74.04","12.8","2016-11-05","0.00","0.0"
"US1NJMN0010","40.3034","-74.04","12.8","2016-11-06","0.00","0.0"
"US1NJMN0010","40.3034","-74.04","12.8","2016-11-07","0.00","0.0"
"US1NJMN0010","40.3034","-74.04","12.8","2016-11-08","0.00","0.0"
"US1NJMN0010","40.3034","-74.04","12.8","2016-11-09","0.00","0.0"
"US1NJMN0010","40.3034","-74.04","12.8","2016-11-10","0.02",
"US1NJMN0010","40.3034","-74.04","12.8","2016-11-11","0.00","0.0"
"US1NJMN0010","40.3034","-74.04","12.8","2016-11-12","0.00","0.0"
"US1NJMN0010","40.3034","-74.04","12.8","2016-11-13","0.00","0.0"
"US1NJMN0010","40.3034","-74.04","12.8","2016-11-14","0.00","0.0"
"US1NJMN0010","40.3034","-74.04","12.8","2016-11-15","0.14",
"US1NJMN0010","40.3034","-74.04","12.8","2016-11-16","0.97",
"US1NJMN0010","40.3034","-74.04","12.8","2016-11-17","0.00",
"US1NJMN0010","40.3034","-74.04","12.8","2016-11-18","0.00","0.0"
"US1NJMN0010","40.3034","-74.04","12.8","2016-11-19","0.00","0.0"
"US1NJMN0010","40.3034","-74.04","12.8","2016-11-20","0.20",
"US1NJMN0010","40.3034","-74.04","12.8","2016-11-21","0.00","0.0"
"US1NJMN0010","40.3034","-74.04","12.8","2016-11-22","0.00","0.0"
"US1NJMN0010","40.3034","-74.04","12.8","2016-11-23","0.00","0.0"
"US1NJMN0010","40.3034","-74.04","12.8","2016-11-24","0.00","0.0"
"US1NJMN0010","40.3034","-74.04","12.8","2016-11-25","0.00","0.0"
"US1NJMN0010","40.3034","-74.04","12.8","2016-11-26","0.01",
"US1NJMN0010","40.3034","-74.04","12.8","2016-11-27","0.00","0.0"
"US1NJMN0010","40.3034","-74.04","12.8","2016-11-28","0.00","0.0"
"US1NJMN0010","40.3034","-74.04","12.8","2016-11-29","0.00","0.0"
"US1NJMN0010","40.3034","-74.04","12.8","2016-11-30","0.94",
"US1NJMN0010","40.3034","-74.04","12.8","2016-12-01","0.35",
"US1NJMN0010","40.3034","-74.04","12.8","2016-12-02","0.00","0.0"
"US1NJMN0010","40.3034","-74.04","12.8","2016-12-03","0.00","0.0"
"US1NJMN0010","40.3034","-74.04","12.8","2016-12-04","0.00","0.0"
"US1NJMN0010","40.3034","-74.04","12.8","2016-12-05","0.15",
"US1NJMN0010","40.3034","-74.04","12.8","2016-12-06","0.04","0.0"
"US1NJMN0010","40.3034","-74.04","12.8","2016-12-07","0.71",
"US1NJMN0010","40.3034","-74.04","12.8","2016-12-08","0.00",
"US1NJMN0010","40.3034","-74.04","12.8","2016-12-09","0.00","0.0"
"US1NJMN0010","40.3034","-74.04","12.8","2016-12-10","0.00","0.0"
"US1NJMN0010","40.3034","-74.04","12.8","2016-12-11","0.00","0.0"
"US1NJMN0010","40.3034","-74.04","12.8","2016-12-12","0.48",
"US1NJMN0010","40.3034","-74.04","12.8","2016-12-13","0.10",
"US1NJMN0010","40.3034","-74.04","12.8","2016-12-14","0.00","0.0"
"US1NJMN0010","40.3034","-74.04","12.8","2016-12-15","0.00",
"US1NJMN0010","40.3034","-74.04","12.8","2016-12-16","0.00","0.0"
"US1NJMN0010","40.3034","-74.04","12.8","2016-12-17","0.25",
"US1NJMN0010","40.3034","-74.04","12.8","2016-12-18","0.42",
"US1NJMN0010","40.3034","-74.04","12.8","2016-12-19","0.01",
"US1NJMN0010","40.3034","-74.04","12.8","2016-12-20","0.00","0.0"
"US1NJMN0010","40.3034","-74.04","12.8","2016-12-21","0.00","0.0"
"US1NJMN0010","40.3034","-74.04","12.8","2016-12-22","0.00","0.0"
"US1NJMN0010","40.3034","-74.04","12.8","2016-12-23","0.00","0.0"
"US1NJMN0010","40.3034","-74.04","12.8","2016-12-24","0.09",
"US1NJMN0010","40.3034","-74.04","12.8","2016-12-25","0.30",
"US1NJMN0010","40.3034","-74.04","12.8","2016-12-26","0.00","0.0"
"US1NJMN0010","40.3034","-74.04","12.8","2016-12-27","0.00",
"US1NJMN0010","40.3034","-74.04","12.8","2016-12-28","0.00",
"US1NJMN0010","40.3034","-74.04","12.8","2016-12-29","0.00","0.0"
"US1NJMN0010","40.3034","-74.04","12.8","2016-12-30","0.40",
"US1NJMN0010","40.3034","-74.04","12.8","2016-12-31","0.00","0.0"
"US1NJMN0010","40.3034","-74.04","12.8","2017-01-01","0.00","0.0"
"US1NJMN0010","40.3034","-74.04","12.8","2017-01-02","0.02",
"US1NJMN0010","40.3034","-74.04","12.8","2017-01-03","0.37",
"US1NJMN0010","40.3034","-74.04","12.8","2017-01-04","0.55",
"US1NJMN0010","40.3034","-74.04","12.8","2017-01-05","0.00","0.0"
"US1NJMN0010","40.3034","-74.04","12.8","2017-01-06","0.02",
"US1NJMN0010","40.3034","-74.04","12.8","2017-01-07","0.00","0.0"
"US1NJMN0010","40.3034","-74.04","12.8","2017-01-08","0.40",
"US1NJMN0010","40.3034","-74.04","12.8","2017-01-09","0.00","0.0"
"US1NJMN0010","40.3034","-74.04","12.8","2017-01-10","0.00","0.0"
"US1NJMN0010","40.3034","-74.04","12.8","2017-01-11","0.20",
"US1NJMN0010","40.3034","-74.04","12.8","2017-01-12","0.29",
"US1NJMN0010","40.3034","-74.04","12.8","2017-01-13","0.00","0.0"
"US1NJMN0010","40.3034","-74.04","12.8","2017-01-14","0.00","0.0"
"US1NJMN0010","40.3034","-74.04","12.8","2017-01-15","0.08",
"US1NJMN0010","40.3034","-74.04","12.8","2017-01-16","0.00","0.0"
"US1NJMN0010","40.3034","-74.04","12.8","2017-01-17","0.00","0.0"
"US1NJMN0010","40.3034","-74.04","12.8","2017-01-18","0.63",
"US1NJMN0010","40.3034","-74.04","12.8","2017-01-19","0.00","0.0"
"US1NJMN0010","40.3034","-74.04","12.8","2017-01-20","0.00","0.0"
"US1NJMN0010","40.3034","-74.04","12.8","2017-01-21","0.15",
"US1NJMN0010","40.3034","-74.04","12.8","2017-01-22","0.00","0.0"
"US1NJMN0010","40.3034","-74.04","12.8","2017-01-23","0.07",
"US1NJMN0010","40.3034","-74.04","12.8","2017-01-24","2.57",
"US1NJMN0010","40.3034","-74.04","12.8","2017-01-25","0.41",
"US1NJMN0010","40.3034","-74.04","12.8","2017-01-26","0.00","0.0"
"US1NJMN0010","40.3034","-74.04","12.8","2017-01-27","0.08",
"US1NJMN0010","40.3034","-74.04","12.8","2017-01-28","0.00","0.0"
"US1NJMN0010","40.3034","-74.04","12.8","2017-01-29","0.00","0.0"
"US1NJMN0010","40.3034","-74.04","12.8","2017-01-30","0.00","0.0"
"US1NJMN0010","40.3034","-74.04","12.8","2017-01-31","0.00","0.0"
"US1NJMN0010","40.3034","-74.04","12.8","2017-02-01","0.02",
"US1NJMN0010","40.3034","-74.04","12.8","2017-02-02","0.00","0.0"
"US1NJMN0010","40.3034","-74.04","12.8","2017-02-03","0.00","0.0"
"US1NJMN0010","40.3034","-74.04","12.8","2017-02-04","0.00","0.0"
"US1NJMN0010","40.3034","-74.04","12.8","2017-02-05","0.00","0.0"
"US1NJMN0010","40.3034","-74.04","12.8","2017-02-06","0.00","0.0"
"US1NJMN0010","40.3034","-74.04","12.8","2017-02-07","0.00","0.0"
"US1NJMN0010","40.3034","-74.04","12.8","2017-02-08","0.23",
"US1NJMN0010","40.3034","-74.04","12.8","2017-02-09","0.27",
"US1NJMN0010","40.3034","-74.04","12.8","2017-02-10","0.73",
"US1NJMN0010","40.3034","-74.04","12.8","2017-02-11","0.00","0.0"
"US1NJMN0010","40.3034","-74.04","12.8","2017-02-12","0.03",
"US1NJMN0010","40.3034","-74.04","12.8","2017-02-13","0.27",
"US1NJMN0010","40.3034","-74.04","12.8","2017-02-14","0.00","0.0"
"US1NJMN0010","40.3034","-74.04","12.8","2017-02-15","0.00","0.0"
"US1NJMN0010","40.3034","-74.04","12.8","2017-02-16","0.00","0.0"
"US1NJMN0010","40.3034","-74.04","12.8","2017-02-17","0.00","0.0"
"US1NJMN0010","40.3034","-74.04","12.8","2017-02-18","0.00","0.0"
"US1NJMN0010","40.3034","-74.04","12.8","2017-02-19","0.00","0.0"
"US1NJMN0010","40.3034","-74.04","12.8","2017-02-20","0.00","0.0"
"US1NJMN0010","40.3034","-74.04","12.8","2017-02-21","0.00","0.0"
"US1NJMN0010","40.3034","-74.04","12.8","2017-02-22","0.00","0.0"
"US1NJMN0010","40.3034","-74.04","12.8","2017-02-23","0.00","0.0"
"US1NJMN0010","40.3034","-74.04","12.8","2017-02-24","0.00","0.0"
"US1NJMN0010","40.3034","-74.04","12.8","2017-02-25","0.00","0.0"
"US1NJMN0010","40.3034","-74.04","12.8","2017-02-26","0.23",
"US1NJMN0010","40.3034","-74.04","12.8","2017-02-27","0.00","0.0"
"US1NJMN0010","40.3034","-74.04","12.8","2017-02-28","0.00","0.0"
"US1NJMN0010","40.3034","-74.04","12.8","2017-03-01","0.00","0.0"
"US1NJMN0010","40.3034","-74.04","12.8","2017-03-02","0.00","0.0"
"US1NJMN0010","40.3034","-74.04","12.8","2017-03-03","0.00","0.0"
"US1NJMN0010","40.3034","-74.04","12.8","2017-03-04","0.00",
"US1NJMN0010","40.3034","-74.04","12.8","2017-03-05","0.00","0.0"
"US1NJMN0010","40.3034","-74.04","12.8","2017-03-06","0.00","0.0"
"US1NJMN0010","40.3034","-74.04","12.8","2017-03-07","0.00",
"US1NJMN0010","40.3034","-74.04","12.8","2017-03-08","0.06",
"US1NJMN0010","40.3034","-74.04","12.8","2017-03-09","0.01",
"US1NJMN0010","40.3034","-74.04","12.8","2017-03-10","0.00","0.0"
"US1NJMN0010","40.3034","-74.04","12.8","2017-03-11","0.46",
"US1NJMN0010","40.3034","-74.04","12.8","2017-03-12","0.00","0.0"
"US1NJMN0010","40.3034","-74.04","12.8","2017-03-13","0.00","0.0"
"US1NJMN0010","40.3034","-74.04","12.8","2017-03-14","0.70",
"US1NJMN0010","40.3034","-74.04","12.8","2017-03-15","2.22",
"US1NJMN0010","40.3034","-74.04","12.8","2017-03-16","0.00",
"US1NJMN0010","40.3034","-74.04","12.8","2017-03-17","0.00","0.0"
"US1NJMN0010","40.3034","-74.04","12.8","2017-03-18","0.00","0.0"
"US1NJMN0010","40.3034","-74.04","12.8","2017-03-19","0.07",
"US1NJMN0010","40.3034","-74.04","12.8","2017-03-20","0.00","0.0"
"US1NJMN0010","40.3034","-74.04","12.8","2017-03-21","0.00","0.0"
"US1NJMN0010","40.3034","-74.04","12.8","2017-03-22","0.00","0.0"
"US1NJMN0010","40.3034","-74.04","12.8","2017-03-23","0.00","0.0"
"US1NJMN0010","40.3034","-74.04","12.8","2017-03-24","0.00","0.0"
"US1NJMN0010","40.3034","-74.04","12.8","2017-03-25","0.00","0.0"
"US1NJMN0010","40.3034","-74.04","12.8","2017-03-26","0.00",
"US1NJMN0010","40.3034","-74.04","12.8","2017-03-27","0.06",
"US1NJMN0010","40.3034","-74.04","12.8","2017-03-28","0.53",
"US1NJMN0010","40.3034","-74.04","12.8","2017-03-29","0.53",
"US1NJMN0010","40.3034","-74.04","12.8","2017-03-30","0.00","0.0"
"US1NJMN0010","40.3034","-74.04","12.8","2017-03-31","0.67",
"US1NJMN0010","40.3034","-74.04","12.8","2017-04-01","3.48",
"US1NJMN0010","40.3034","-74.04","12.8","2017-04-02","0.00","0.0"
"US1NJMN0010","40.3034","-74.04","12.8","2017-04-03","0.00","0.0"
"US1NJMN0010","40.3034","-74.04","12.8","2017-04-04","1.06",
"US1NJMN0010","40.3034","-74.04","12.8","2017-04-05","0.06",
"US1NJMN0010","40.3034","-74.04","12.8","2017-04-06","0.06",
"US1NJMN0010","40.3034","-74.04","12.8","2017-04-07","0.71",
"US1NJMN0010","40.3034","-74.04","12.8","2017-04-08","0.00","0.0"
"US1NJMN0010","40.3034","-74.04","12.8","2017-04-09","0.00","0.0"
"US1NJMN0010","40.3034","-74.04","12.8","2017-04-10","0.00","0.0"
"US1NJMN0010","40.3034","-74.04","12.8","2017-04-11","0.00","0.0"
"US1NJMN0010","40.3034","-74.04","12.8","2017-04-12","0.00","0.0"
"US1NJMN0010","40.3034","-74.04","12.8","2017-04-13","0.00","0.0"
"US1NJMN0010","40.3034","-74.04","12.8","2017-04-14","0.00","0.0"
"US1NJMN0010","40.3034","-74.04","12.8","2017-04-15","0.00","0.0"
"US1NJMN0010","40.3034","-74.04","12.8","2017-04-16","0.00","0.0"
"US1NJMN0010","40.3034","-74.04","12.8","2017-04-17","0.00","0.0"
"US1NJMN0010","40.3034","-74.04","12.8","2017-04-18","0.02",
"US1NJMN0010","40.3034","-74.04","12.8","2017-04-19","0.00","0.0"
"US1NJMN0010","40.3034","-74.04","12.8","2017-04-20","0.06",
"US1NJMN0010","40.3034","-74.04","12.8","2017-04-21","0.02",
"US1NJMN0010","40.3034","-74.04","12.8","2017-04-22","0.00",
"US1NJMN0010","40.3034","-74.04","12.8","2017-04-23","0.07",
"US1NJMN0010","40.3034","-74.04","12.8","2017-04-24","0.00","0.0"
"US1NJMN0010","40.3034","-74.04","12.8","2017-04-25","0.30",
"US1NJMN0010","40.3034","-74.04","12.8","2017-04-26","2.02",
"US1NJMN0010","40.3034","-74.04","12.8","2017-04-27","0.02",
"US1NJMN0010","40.3034","-74.04","12.8","2017-04-28","0.01",
"US1NJMN0010","40.3034","-74.04","12.8","2017-04-29","0.73",
"US1NJMN0010","40.3034","-74.04","12.8","2017-04-30","0.00","0.0"
"US1NJMN0010","40.3034","-74.04","12.8","2017-05-01","0.03",
"US1NJMN0010","40.3034","-74.04","12.8","2017-05-02","0.04",
"US1NJMN0010","40.3034","-74.04","12.8","2017-05-03","0.00","0.0"
"US1NJMN0010","40.3034","-74.04","12.8","2017-05-04","0.00","0.0"
"US1NJMN0010","40.3034","-74.04","12.8","2017-05-05","0.00",
"US1NJMN0010","40.3034","-74.04","12.8","2017-05-06","2.55",
"US1NJMN0010","40.3034","-74.04","12.8","2017-05-07","0.00","0.0"
"US1NJMN0010","40.3034","-74.04","12.8","2017-05-08","0.00",
"US1NJMN0010","40.3034","-74.04","12.8","2017-05-09","0.00","0.0"
"US1NJMN0010","40.3034","-74.04","12.8","2017-05-10","0.00","0.0"
"US1NJMN0010","40.3034","-74.04","12.8","2017-05-11","0.00","0.0"
"US1NJMN0010","40.3034","-74.04","12.8","2017-05-12","0.00","0.0"
"US1NJMN0010","40.3034","-74.04","12.8","2017-05-13","0.27",
"US1NJMN0010","40.3034","-74.04","12.8","2017-05-14","2.36",
"US1NJMN0010","40.3034","-74.04","12.8","2017-05-15","0.06",
"US1NJMN0010","40.3034","-74.04","12.8","2017-05-16","0.00","0.0"
"US1NJMN0010","40.3034","-74.04","12.8","2017-05-17","0.00","0.0"
"US1NJMN0010","40.3034","-74.04","12.8","2017-05-18","0.00","0.0"
"US1NJMN0010","40.3034","-74.04","12.8","2017-05-19","0.00","0.0"
"US1NJMN0010","40.3034","-74.04","12.8","2017-05-23","1.11",
"US1NJMN0010","40.3034","-74.04","12.8","2017-05-24","0.01",
"US1NJMN0010","40.3034","-74.04","12.8","2017-05-25","0.32",
"US1NJMN0010","40.3034","-74.04","12.8","2017-05-26","0.79",
"US1NJMN0010","40.3034","-74.04","12.8","2017-05-27","0.00","0.0"
"US1NJMN0010","40.3034","-74.04","12.8","2017-05-28","0.00",
"US1NJMN0010","40.3034","-74.04","12.8","2017-05-29","0.52",
"US1NJMN0010","40.3034","-74.04","12.8","2017-05-30","0.04",
"US1NJMN0010","40.3034","-74.04","12.8","2017-05-31","0.05",
"US1NJMN0010","40.3034","-74.04","12.8","2017-06-01","0.00",
"US1NJMN0010","40.3034","-74.04","12.8","2017-06-02","0.00","0.0"
"US1NJMN0010","40.3034","-74.04","12.8","2017-06-03","0.00","0.0"
"US1NJMN0010","40.3034","-74.04","12.8","2017-06-04","0.03",
"US1NJMN0010","40.3034","-74.04","12.8","2017-06-05","0.02",
"US1NJMN0010","40.3034","-74.04","12.8","2017-06-06","0.00",
"US1NJMN0010","40.3034","-74.04","12.8","2017-06-07","0.19",
"US1NJMN0010","40.3034","-74.04","12.8","2017-06-08","0.00","0.0"
"US1NJMN0010","40.3034","-74.04","12.8","2017-06-09","0.00","0.0"
"US1NJMN0010","40.3034","-74.04","12.8","2017-06-10","0.00","0.0"
"US1NJMN0010","40.3034","-74.04","12.8","2017-06-11","0.00","0.0"
"US1NJMN0010","40.3034","-74.04","12.8","2017-06-12","0.00","0.0"
"US1NJMN0010","40.3034","-74.04","12.8","2017-06-13","0.00","0.0"
"US1NJMN0010","40.3034","-74.04","12.8","2017-06-14","0.00","0.0"
"US1NJMN0010","40.3034","-74.04","12.8","2017-06-15","0.00","0.0"
"US1NJMN0010","40.3034","-74.04","12.8","2017-06-16","0.00","0.0"
"US1NJMN0010","40.3034","-74.04","12.8","2017-06-17","0.00",
"US1NJMN0010","40.3034","-74.04","12.8","2017-06-18","0.16",
"US1NJMN0010","40.3034","-74.04","12.8","2017-06-19","0.00","0.0"
"US1NJMN0010","40.3034","-74.04","12.8","2017-06-20","0.76",
"US1NJMN0010","40.3034","-74.04","12.8","2017-06-21","0.00","0.0"
"US1NJMN0010","40.3034","-74.04","12.8","2017-06-22","0.00","0.0"
"US1NJMN0010","40.3034","-74.04","12.8","2017-06-23","0.00","0.0"
"US1NJMN0010","40.3034","-74.04","12.8","2017-06-24","0.08",
"US1NJMN0010","40.3034","-74.04","12.8","2017-06-25","0.30",
"US1NJMN0010","40.3034","-74.04","12.8","2017-06-26","0.00",
"US1NJMN0010","40.3034","-74.04","12.8","2017-06-27","0.01",
"US1NJMN0010","40.3034","-74.04","12.8","2017-06-28","0.21",
"US1NJMN0010","40.3034","-74.04","12.8","2017-06-29","0.00","0.0"
"US1NJMN0010","40.3034","-74.04","12.8","2017-06-30","0.00","0.0"
"US1NJMN0010","40.3034","-74.04","12.8","2017-07-01","0.00","0.0"
"US1NJMN0010","40.3034","-74.04","12.8","2017-07-02","0.06",
"US1NJMN0010","40.3034","-74.04","12.8","2017-07-03","0.00","0.0"
"US1NJMN0010","40.3034","-74.04","12.8","2017-07-04","0.00",
"US1NJMN0010","40.3034","-74.04","12.8","2017-07-05","0.00","0.0"
"US1NJMN0010","40.3034","-74.04","12.8","2017-07-06","0.00","0.0"
"US1NJMN0010","40.3034","-74.04","12.8","2017-07-07","0.04",
"US1NJMN0010","40.3034","-74.04","12.8","2017-07-08","0.14","0.0"
"US1NJMN0010","40.3034","-74.04","12.8","2017-07-09","0.00","0.0"
"US1NJMN0010","40.3034","-74.04","12.8","2017-07-10","0.00","0.0"
"US1NJMN0010","40.3034","-74.04","12.8","2017-07-11","0.00","0.0"
"US1NJMN0010","40.3034","-74.04","12.8","2017-07-12","0.05",
"US1NJMN0010","40.3034","-74.04","12.8","2017-07-13","0.00","0.0"
"US1NJMN0010","40.3034","-74.04","12.8","2017-07-14","1.29",
"US1NJMN0010","40.3034","-74.04","12.8","2017-07-15","0.34",
"US1NJMN0010","40.3034","-74.04","12.8","2017-07-16","0.00","0.0"
"US1NJMN0010","40.3034","-74.04","12.8","2017-07-17","0.00","0.0"
"US1NJMN0010","40.3034","-74.04","12.8","2017-07-18","0.00","0.0"
"US1NJMN0010","40.3034","-74.04","12.8","2017-07-19","0.00","0.0"
"US1NJMN0010","40.3034","-74.04","12.8","2017-07-20","0.00","0.0"
"US1NJMN0010","40.3034","-74.04","12.8","2017-07-21","0.03",
"US1NJMN0010","40.3034","-74.04","12.8","2017-07-22","0.00","0.0"
"US1NJMN0010","40.3034","-74.04","12.8","2017-07-23","0.62",
"US1NJMN0010","40.3034","-74.04","12.8","2017-07-24","0.60",
"US1NJMN0010","40.3034","-74.04","12.8","2017-07-25","0.13",
"US1NJMN0010","40.3034","-74.04","12.8","2017-07-26","0.01",
"US1NJMN0010","40.3034","-74.04","12.8","2017-07-27","0.00","0.0"
"US1NJMN0010","40.3034","-74.04","12.8","2017-07-28","0.00",
"US1NJMN0010","40.3034","-74.04","12.8","2017-07-29","0.09",
"US1NJMN0010","40.3034","-74.04","12.8","2017-07-30","0.03",
"US1NJMN0010","40.3034","-74.04","12.8","2017-07-31","0.00","0.0"
"US1NJMN0010","40.3034","-74.04","12.8","2017-08-01","0.00","0.0"
"US1NJMN0010","40.3034","-74.04","12.8","2017-08-02","0.00",
"US1NJMN0010","40.3034","-74.04","12.8","2017-08-03","0.21",
"US1NJMN0010","40.3034","-74.04","12.8","2017-08-04","0.00",
"US1NJMN0010","40.3034","-74.04","12.8","2017-08-05","0.90",
"US1NJMN0010","40.3034","-74.04","12.8","2017-08-06","0.00","0.0"
"US1NJMN0010","40.3034","-74.04","12.8","2017-08-07","0.00",
"US1NJMN0010","40.3034","-74.04","12.8","2017-08-08","0.35",
"US1NJMN0010","40.3034","-74.04","12.8","2017-08-09","0.00","0.0"
"US1NJMN0010","40.3034","-74.04","12.8","2017-08-10","0.00","0.0"
"US1NJMN0010","40.3034","-74.04","12.8","2017-08-11","0.00","0.0"
"US1NJMN0010","40.3034","-74.04","12.8","2017-08-12","0.32",
"US1NJMN0010","40.3034","-74.04","12.8","2017-08-13","0.00","0.0"
"US1NJMN0010","40.3034","-74.04","12.8","2017-08-14","0.00","0.0"
"US1NJMN0010","40.3034","-74.04","12.8","2017-08-15","0.00",
"US1NJMN0010","40.3034","-74.04","12.8","2017-08-16","0.04",
"US1NJMN0010","40.3034","-74.04","12.8","2017-08-17","0.00","0.0"
"US1NJMN0010","40.3034","-74.04","12.8","2017-08-18","0.00","0.0"
"US1NJMN0010","40.3034","-74.04","12.8","2017-08-19","0.11",
"US1NJMN0010","40.3034","-74.04","12.8","2017-08-20","0.00","0.0"
"US1NJMN0010","40.3034","-74.04","12.8","2017-08-21","0.00","0.0"
"US1NJMN0010","40.3034","-74.04","12.8","2017-08-22","0.00","0.0"
"US1NJMN0010","40.3034","-74.04","12.8","2017-08-23","0.60",
"US1NJMN0010","40.3034","-74.04","12.8","2017-08-24","0.00","0.0"
"US1NJMN0010","40.3034","-74.04","12.8","2017-08-25","0.00","0.0"
"US1NJMN0010","40.3034","-74.04","12.8","2017-08-26","0.00","0.0"
"US1NJMN0010","40.3034","-74.04","12.8","2017-08-27","0.00","0.0"
"US1NJMN0010","40.3034","-74.04","12.8","2017-08-28","0.00","0.0"
"US1NJMN0010","40.3034","-74.04","12.8","2017-08-29","0.00","0.0"
"US1NJMN0010","40.3034","-74.04","12.8","2017-08-30","1.21",
"US1NJMN0010","40.3034","-74.04","12.8","2017-08-31","0.00","0.0"
"US1NJMN0010","40.3034","-74.04","12.8","2017-09-01","0.01",
"US1NJMN0010","40.3034","-74.04","12.8","2017-09-02","0.00","0.0"
"US1NJMN0010","40.3034","-74.04","12.8","2017-09-03","0.95",
"US1NJMN0010","40.3034","-74.04","12.8","2017-09-17","0.00","0.0"
"US1NJMN0010","40.3034","-74.04","12.8","2017-09-18","0.02",
"US1NJMN0010","40.3034","-74.04","12.8","2017-09-19","0.03",
"US1NJMN0010","40.3034","-74.04","12.8","2017-09-20","0.35",
"US1NJMN0010","40.3034","-74.04","12.8","2017-09-21","0.00","0.0"
"US1NJMN0010","40.3034","-74.04","12.8","2017-09-22","0.00","0.0"
"US1NJMN0010","40.3034","-74.04","12.8","2017-09-23","0.00","0.0"
"US1NJMN0010","40.3034","-74.04","12.8","2017-09-24","0.00","0.0"
"US1NJMN0010","40.3034","-74.04","12.8","2017-09-25","0.00","0.0"
"US1NJMN0010","40.3034","-74.04","12.8","2017-09-26","0.00",
"US1NJMN0010","40.3034","-74.04","12.8","2017-09-27","0.00","0.0"
"US1NJMN0010","40.3034","-74.04","12.8","2017-09-28","0.00","0.0"
"US1NJMN0010","40.3034","-74.04","12.8","2017-09-29","0.00","0.0"
"US1NJMN0010","40.3034","-74.04","12.8","2017-09-30","0.00","0.0"
"US1NJMN0010","40.3034","-74.04","12.8","2017-10-01","0.02",
"US1NJMN0010","40.3034","-74.04","12.8","2017-10-02","0.00","0.0"
"US1NJMN0010","40.3034","-74.04","12.8","2017-10-03","0.00","0.0"
"US1NJMN0010","40.3034","-74.04","12.8","2017-10-04","0.00","0.0"
"US1NJMN0010","40.3034","-74.04","12.8","2017-10-05","0.00","0.0"
"US1NJMN0010","40.3034","-74.04","12.8","2017-10-06","0.05",
"US1NJMN0010","40.3034","-74.04","12.8","2017-10-07","0.00","0.0"
"US1NJMN0010","40.3034","-74.04","12.8","2017-10-08","0.00","0.0"
"US1NJMN0010","40.3034","-74.04","12.8","2017-10-09","0.08",
"US1NJMN0010","40.3034","-74.04","12.8","2017-10-10","0.34",
"US1NJMN0010","40.3034","-74.04","12.8","2017-10-11","0.00","0.0"
"US1NJMN0010","40.3034","-74.04","12.8","2017-10-12","0.14",
"US1NJMN0010","40.3034","-74.04","12.8","2017-10-13","0.06",
"US1NJMN0010","40.3034","-74.04","12.8","2017-10-14","0.28",
"US1NJMN0010","40.3034","-74.04","12.8","2017-10-15","0.03",
"US1NJMN0010","40.3034","-74.04","12.8","2017-10-16","0.04",
"US1NJMN0010","40.3034","-74.04","12.8","2017-10-17","0.00",
"US1NJMN0010","40.3034","-74.04","12.8","2017-10-18","0.00","0.0"
"US1NJMN0010","40.3034","-74.04","12.8","2017-10-19","0.00","0.0"
"US1NJMN0010","40.3034","-74.04","12.8","2017-10-20","0.00","0.0"
"US1NJMN0010","40.3034","-74.04","12.8","2017-10-21","0.00","0.0"
"US1NJMN0010","40.3034","-74.04","12.8","2017-10-22","0.00","0.0"
"US1NJMN0010","40.3034","-74.04","12.8","2017-10-26","0.00",
"US1NJMN0010","40.3034","-74.04","12.8","2017-10-27","0.10",
"US1NJMN0010","40.3034","-74.04","12.8","2017-10-28","0.00",
"US1NJMN0010","40.3034","-74.04","12.8","2017-10-29","0.08",
"US1NJMN0010","40.3034","-74.04","12.8","2017-10-30","3.14",
"US1NJMN0010","40.3034","-74.04","12.8","2017-10-31","0.07",
"US1NJMN0010","40.3034","-74.04","12.8","2017-11-01","0.00","0.0"
"US1NJMN0010","40.3034","-74.04","12.8","2017-11-02","0.00","0.0"
"US1NJMN0010","40.3034","-74.04","12.8","2017-11-03","0.00","0.0"
"US1NJMN0010","40.3034","-74.04","12.8","2017-11-04","0.00","0.0"
"US1NJMN0010","40.3034","-74.04","12.8","2017-11-05","0.06",
"US1NJMN0010","40.3034","-74.04","12.8","2017-11-06","0.06",
"US1NJMN0010","40.3034","-74.04","12.8","2017-11-07","0.00",
"US1NJMN0010","40.3034","-74.04","12.8","2017-11-08","0.79",
"US1NJMN0010","40.3034","-74.04","12.8","2017-11-09","0.00",
"US1NJMN0010","40.3034","-74.04","12.8","2017-11-10","0.01",
"US1NJMN0010","40.3034","-74.04","12.8","2017-11-11","0.00","0.0"
"US1NJMN0010","40.3034","-74.04","12.8","2017-11-12","0.00","0.0"
"US1NJMN0010","40.3034","-74.04","12.8","2017-11-13","0.00","0.0"
"US1NJMN0010","40.3034","-74.04","12.8","2017-11-14","0.12",
"US1NJMN0010","40.3034","-74.04","12.8","2017-11-15","0.00","0.0"
"US1NJMN0010","40.3034","-74.04","12.8","2017-11-16","0.00",
"US1NJMN0010","40.3034","-74.04","12.8","2017-11-17","0.24",
"US1NJMN0010","40.3034","-74.04","12.8","2017-11-18","0.00","0.0"
"US1NJMN0010","40.3034","-74.04","12.8","2017-11-19","0.58",
"US1NJMN0010","40.3034","-74.04","12.8","2017-11-20","0.00","0.0"
"US1NJMN0010","40.3034","-74.04","12.8","2017-11-21","0.00","0.0"
"US1NJMN0010","40.3034","-74.04","12.8","2017-11-22","0.27",
"US1NJMN0010","40.3034","-74.04","12.8","2017-11-23","0.04",
"US1NJMN0010","40.3034","-74.04","12.8","2017-11-24","0.00","0.0"
"US1NJMN0010","40.3034","-74.04","12.8","2017-11-25","0.00","0.0"
"US1NJMN0010","40.3034","-74.04","12.8","2017-11-26","0.00","0.0"
"US1NJMN0010","40.3034","-74.04","12.8","2017-11-27","0.00","0.0"
"US1NJMN0010","40.3034","-74.04","12.8","2017-11-28","0.00","0.0"
"US1NJMN0010","40.3034","-74.04","12.8","2017-11-29","0.00","0.0"
"US1NJMN0010","40.3034","-74.04","12.8","2017-11-30","0.00","0.0"
"US1NJMN0010","40.3034","-74.04","12.8","2017-12-01","0.01",
"US1NJMN0010","40.3034","-74.04","12.8","2017-12-02","0.00","0.0"
"US1NJMN0010","40.3034","-74.04","12.8","2017-12-03","0.00","0.0"
"US1NJMN0010","40.3034","-74.04","12.8","2017-12-04","0.00",
"US1NJMN0010","40.3034","-74.04","12.8","2017-12-05","0.00","0.0"
"US1NJMN0010","40.3034","-74.04","12.8","2017-12-06","0.27",
"US1NJMN0010","40.3034","-74.04","12.8","2017-12-07","0.00","0.0"
"US1NJMN0010","40.3034","-74.04","12.8","2017-12-08","0.00","0.0"
"US1NJMN0010","40.3034","-74.04","12.8","2017-12-09","0.00","0.0"
"US1NJMN0010","40.3034","-74.04","12.8","2017-12-10","0.32",
"US1NJMN0010","40.3034","-74.04","12.8","2017-12-11","0.00",
"US1NJMN0010","40.3034","-74.04","12.8","2017-12-12","0.01",
"US1NJMN0010","40.3034","-74.04","12.8","2017-12-13","0.00","0.0"
"US1NJMN0010","40.3034","-74.04","12.8","2017-12-14","0.05",
"US1NJMN0010","40.3034","-74.04","12.8","2017-12-15","0.00","0.0"
"US1NJMN0010","40.3034","-74.04","12.8","2017-12-16","0.13",
"US1NJMN0010","40.3034","-74.04","12.8","2017-12-17","0.00","0.0"
"US1NJMN0010","40.3034","-74.04","12.8","2017-12-18","0.01",
"US1NJMN0010","40.3034","-74.04","12.8","2017-12-19","0.00","0.0"
"US1NJMN0010","40.3034","-74.04","12.8","2017-12-20","0.00","0.0"
"US1NJMN0010","40.3034","-74.04","12.8","2017-12-21","0.00","0.0"
"US1NJMN0010","40.3034","-74.04","12.8","2017-12-22","0.00","0.0"
"US1NJMN0010","40.3034","-74.04","12.8","2017-12-23","0.02",
"US1NJMN0010","40.3034","-74.04","12.8","2017-12-24","0.49",
"US1NJMN0010","40.3034","-74.04","12.8","2017-12-25","0.59",
"US1NJMN0010","40.3034","-74.04","12.8","2017-12-26","0.00",
"US1NJMN0010","40.3034","-74.04","12.8","2017-12-27","0.00","0.0"
"US1NJMN0010","40.3034","-74.04","12.8","2017-12-28","0.00","0.0"
"US1NJMN0010","40.3034","-74.04","12.8","2017-12-29","0.00","0.0"
"US1NJMN0010","40.3034","-74.04","12.8","2017-12-30","0.00","0.0"
"US1NJMN0010","40.3034","-74.04","12.8","2017-12-31","0.03",
"US1NJMN0010","40.3034","-74.04","12.8","2018-01-01","0.00","0.0"
"US1NJMN0010","40.3034","-74.04","12.8","2018-01-02","0.00","0.0"
"US1NJMN0010","40.3034","-74.04","12.8","2018-01-03","0.00","0.0"
"US1NJMN0010","40.3034","-74.04","12.8","2018-01-04","0.37",
"US1NJMN0010","40.3034","-74.04","12.8","2018-01-06","0.00","0.0"
"US1NJMN0010","40.3034","-74.04","12.8","2018-01-07","0.00","0.0"
"US1NJMN0010","40.3034","-74.04","12.8","2018-01-08","0.00","0.0"
"US1NJMN0010","40.3034","-74.04","12.8","2018-01-09","0.01",
"US1NJMN0010","40.3034","-74.04","12.8","2018-01-10","0.00","0.0"
"US1NJMN0010","40.3034","-74.04","12.8","2018-01-11","0.00","0.0"
"US1NJMN0010","40.3034","-74.04","12.8","2018-01-12","0.00","0.0"
"US1NJMN0010","40.3034","-74.04","12.8","2018-01-13","0.64",
"US1NJMN0010","40.3034","-74.04","12.8","2018-01-14","0.00","0.0"
"US1NJMN0010","40.3034","-74.04","12.8","2018-01-15","0.00","0.0"
"US1NJMN0010","40.3034","-74.04","12.8","2018-01-16","0.00","0.0"
"US1NJMN0010","40.3034","-74.04","12.8","2018-01-17","0.01",
"US1NJMN0010","40.3034","-74.04","12.8","2018-01-18","0.08",
"US1NJMN0010","40.3034","-74.04","12.8","2018-01-19","0.00","0.0"
"US1NJMN0010","40.3034","-74.04","12.8","2018-01-20","0.00","0.0"
"US1NJMN0010","40.3034","-74.04","12.8","2018-01-21","0.00","0.0"
"US1NJMN0010","40.3034","-74.04","12.8","2018-01-22","0.00",
"US1NJMN0010","40.3034","-74.04","12.8","2018-01-23","0.00","0.0"
"US1NJMN0010","40.3034","-74.04","12.8","2018-01-24","0.56",
"US1NJMN0010","40.3034","-74.04","12.8","2018-01-25","0.00","0.0"
"US1NJMN0010","40.3034","-74.04","12.8","2018-01-26","0.00","0.0"
"US1NJMN0010","40.3034","-74.04","12.8","2018-01-27","0.00","0.0"
"US1NJMN0010","40.3034","-74.04","12.8","2018-01-28","0.06",
"US1NJMN0010","40.3034","-74.04","12.8","2018-01-29","0.20",
"US1NJMN0010","40.3034","-74.04","12.8","2018-01-30","0.15",
"US1NJMN0010","40.3034","-74.04","12.8","2018-01-31","0.02",
"US1NJMN0010","40.3034","-74.04","12.8","2018-02-01","0.00","0.0"
"US1NJMN0010","40.3034","-74.04","12.8","2018-02-02","0.14",
"US1NJMN0010","40.3034","-74.04","12.8","2018-02-03","0.00","0.0"
"US1NJMN0010","40.3034","-74.04","12.8","2018-02-04","0.00","0.0"
"US1NJMN0010","40.3034","-74.04","12.8","2018-02-05","0.92",
"US1NJMN0010","40.3034","-74.04","12.8","2018-02-06","0.00","0.0"
"US1NJMN0010","40.3034","-74.04","12.8","2018-02-07","0.00","0.0"
"US1NJMN0010","40.3034","-74.04","12.8","2018-02-08","0.89",
"US1NJMN0010","40.3034","-74.04","12.8","2018-02-09","0.00","0.0"
"US1NJMN0010","40.3034","-74.04","12.8","2018-02-10","0.00","0.0"
"US1NJMN0010","40.3034","-74.04","12.8","2018-02-11","0.62",
"US1NJMN0010","40.3034","-74.04","12.8","2018-02-12","1.38",
"US1NJMN0010","40.3034","-74.04","12.8","2018-02-13","0.00",
"US1NJMN0010","40.3034","-74.04","12.8","2018-02-14","0.00","0.0"
"US1NJMN0010","40.3034","-74.04","12.8","2018-02-15","0.10",
"US1NJMN0010","40.3034","-74.04","12.8","2018-02-16","0.36",
"US1NJMN0010","40.3034","-74.04","12.8","2018-02-17","0.05",
"US1NJMN0010","40.3034","-74.04","12.8","2018-02-18","0.62",
"US1NJMN0010","40.3034","-74.04","12.8","2018-02-19","0.00","0.0"
"US1NJMN0010","40.3034","-74.04","12.8","2018-02-20","0.06",
"US1NJMN0010","40.3034","-74.04","12.8","2018-02-21","0.00","0.0"
"US1NJMN0010","40.3034","-74.04","12.8","2018-02-22","0.00",
"US1NJMN0010","40.3034","-74.04","12.8","2018-02-23","0.09",
"US1NJMN0010","40.3034","-74.04","12.8","2018-02-24","0.09",
"US1NJMN0010","40.3034","-74.04","12.8","2018-02-25","0.98",
"US1NJMN0010","40.3034","-74.04","12.8","2018-02-26","0.30",
"US1NJMN0010","40.3034","-74.04","12.8","2018-02-27","0.00","0.0"
"US1NJMN0010","40.3034","-74.04","12.8","2018-02-28","0.00","0.0"
"US1NJMN0010","40.3034","-74.04","12.8","2018-03-01","0.00","0.0"
"US1NJMN0010","40.3034","-74.04","12.8","2018-03-02","1.41",
"US1NJMN0010","40.3034","-74.04","12.8","2018-03-03","1.29",
"US1NJMN0010","40.3034","-74.04","12.8","2018-03-04","0.00","0.0"
"US1NJMN0010","40.3034","-74.04","12.8","2018-03-05","0.00","0.0"
"US1NJMN0010","40.3034","-74.04","12.8","2018-03-06","0.00","0.0"
"US1NJMN0010","40.3034","-74.04","12.8","2018-03-07","0.19",
"US1NJMN0010","40.3034","-74.04","12.8","2018-03-08","2.03",
"US1NJMN0010","40.3034","-74.04","12.8","2018-03-09","0.00","0.0"
"US1NJMN0010","40.3034","-74.04","12.8","2018-03-10","0.00","0.0"
"US1NJMN0010","40.3034","-74.04","12.8","2018-03-11","0.00","0.0"
"US1NJMN0010","40.3034","-74.04","12.8","2018-03-12","0.00","0.0"
"US1NJMN0010","40.3034","-74.04","12.8","2018-03-13","0.23",
"US1NJMN0010","40.3034","-74.04","12.8","2018-03-14","0.25",
"US1NJMN0010","40.3034","-74.04","12.8","2018-03-15","0.00","0.0"
"US1NJMN0010","40.3034","-74.04","12.8","2018-03-16","0.00","0.0"
"US1NJMN0010","40.3034","-74.04","12.8","2018-03-17","0.00","0.0"
"US1NJMN0010","40.3034","-74.04","12.8","2018-03-18","0.00","0.0"
"US1NJMN0010","40.3034","-74.04","12.8","2018-03-19","0.00","0.0"
"US1NJMN0010","40.3034","-74.04","12.8","2018-03-20","0.00","0.0"
"US1NJMN0010","40.3034","-74.04","12.8","2018-03-21","0.13",
"US1NJMN0010","40.3034","-74.04","12.8","2018-03-22","1.81","8.5"
"US1NJMN0010","40.3034","-74.04","12.8","2018-03-23","0.00","0.0"
"US1NJMN0010","40.3034","-74.04","12.8","2018-03-24","0.00","0.0"
"US1NJMN0010","40.3034","-74.04","12.8","2018-03-25","0.00","0.0"
"US1NJMN0010","40.3034","-74.04","12.8","2018-03-26","0.00",
"US1NJMN0010","40.3034","-74.04","12.8","2018-03-27","0.00","0.0"
"US1NJMN0010","40.3034","-74.04","12.8","2018-03-28","0.02",
"US1NJMN0010","40.3034","-74.04","12.8","2018-03-29","0.00",
"US1NJMN0010","40.3034","-74.04","12.8","2018-03-30","0.03",
"US1NJMN0010","40.3034","-74.04","12.8","2018-03-31","0.02",
"US1NJMN0010","40.3034","-74.04","12.8","2018-04-01","0.00","0.0"
"US1NJMN0010","40.3034","-74.04","12.8","2018-04-02","0.29",
"US1NJMN0010","40.3034","-74.04","12.8","2018-04-03","0.29",
"US1NJMN0010","40.3034","-74.04","12.8","2018-04-04","0.14",
"US1NJMN0010","40.3034","-74.04","12.8","2018-04-05","0.03",
"US1NJMN0010","40.3034","-74.04","12.8","2018-04-06","0.00","0.0"
"US1NJMN0010","40.3034","-74.04","12.8","2018-04-07","0.06",
"US1NJMN0010","40.3034","-74.04","12.8","2018-04-08","0.00","0.0"
"US1NJMN0010","40.3034","-74.04","12.8","2018-04-09","0.00","0.0"
"US1NJMN0010","40.3034","-74.04","12.8","2018-04-10","0.03",
"US1NJMN0010","40.3034","-74.04","12.8","2018-04-11","0.00","0.0"
"US1NJMN0010","40.3034","-74.04","12.8","2018-04-12","0.00","0.0"
"US1NJMN0010","40.3034","-74.04","12.8","2018-04-13","0.00","0.0"
"US1NJMN0010","40.3034","-74.04","12.8","2018-04-14","0.00",
"US1NJMN0010","40.3034","-74.04","12.8","2018-04-15","0.00",
"US1NJMN0010","40.3034","-74.04","12.8","2018-04-16","1.30",
"US1NJMN0010","40.3034","-74.04","12.8","2018-04-17","0.77",
"US1NJMN0010","40.3034","-74.04","12.8","2018-04-18","0.00",
"US1NJMN0010","40.3034","-74.04","12.8","2018-04-19","0.00",
"US1NJMN0010","40.3034","-74.04","12.8","2018-04-20","0.03",
"US1NJMN0010","40.3034","-74.04","12.8","2018-04-21","0.00","0.0"
"US1NJMN0010","40.3034","-74.04","12.8","2018-04-22","0.00","0.0"
"US1NJMN0010","40.3034","-74.04","12.8","2018-04-23","0.00","0.0"
"US1NJMN0010","40.3034","-74.04","12.8","2018-04-24","0.00","0.0"
"US1NJMN0010","40.3034","-74.04","12.8","2018-04-25","0.55",
"US1NJMN0010","40.3034","-74.04","12.8","2018-04-26","0.21",
"US1NJMN0010","40.3034","-74.04","12.8","2018-04-27","0.00","0.0"
"US1NJMN0010","40.3034","-74.04","12.8","2018-04-28","0.13",
"US1NJMN0010","40.3034","-74.04","12.8","2018-04-29","0.21",
"US1NJMN0010","40.3034","-74.04","12.8","2018-04-30","0.00","0.0"
"US1NJMN0010","40.3034","-74.04","12.8","2018-05-01","0.00",
"US1NJMN0010","40.3034","-74.04","12.8","2018-05-02","0.00","0.0"
"US1NJMN0010","40.3034","-74.04","12.8","2018-05-03","0.00","0.0"
"US1NJMN0010","40.3034","-74.04","12.8","2018-05-04","0.00","0.0"
"US1NJMN0010","40.3034","-74.04","12.8","2018-05-05","0.00","0.0"
"US1NJMN0010","40.3034","-74.04","12.8","2018-05-06","0.00",
"US1NJMN0010","40.3034","-74.04","12.8","2018-05-07","0.00","0.0"
"US1NJMN0010","40.3034","-74.04","12.8","2018-05-08","0.00","0.0"
"US1NJMN0010","40.3034","-74.04","12.8","2018-05-09","0.00","0.0"
"US1NJMN0010","40.3034","-74.04","12.8","2018-05-10","0.00","0.0"
"US1NJMN0010","40.3034","-74.04","12.8","2018-05-11","0.00",
"US1NJMN0010","40.3034","-74.04","12.8","2018-05-12","0.71",
"US1NJMN0010","40.3034","-74.04","12.8","2018-05-13","0.22",
"US1NJMN0010","40.3034","-74.04","12.8","2018-05-14","0.57",
"US1NJMN0010","40.3034","-74.04","12.8","2018-05-15","0.00",
"US1NJMN0010","40.3034","-74.04","12.8","2018-05-16","0.44",
"US1NJMN0010","40.3034","-74.04","12.8","2018-05-17","0.62",
"US1NJMN0010","40.3034","-74.04","12.8","2018-05-18","0.40",
"US1NJMN0010","40.3034","-74.04","12.8","2018-05-21","0.00","0.0"
"US1NJMN0010","40.3034","-74.04","12.8","2018-05-22","0.00","0.0"
"US1NJMN0010","40.3034","-74.04","12.8","2018-05-23","0.25",
"US1NJMN0010","40.3034","-74.04","12.8","2018-05-24","0.00","0.0"
"US1NJMN0010","40.3034","-74.04","12.8","2018-05-25","0.00","0.0"
"US1NJMN0010","40.3034","-74.04","12.8","2018-05-26","0.00","0.0"
"US1NJMN0010","40.3034","-74.04","12.8","2018-05-27","4.06",
"US1NJMN0010","40.3034","-74.04","12.8","2018-05-28","0.98",
"US1NJMN0010","40.3034","-74.04","12.8","2018-05-29","0.00","0.0"
"US1NJMN0010","40.3034","-74.04","12.8","2018-05-30","0.00","0.0"
"US1NJMN0010","40.3034","-74.04","12.8","2018-05-31","0.01",
"US1NJMN0010","40.3034","-74.04","12.8","2018-06-01","0.14",
"US1NJMN0010","40.3034","-74.04","12.8","2018-06-02","0.14",
"US1NJMN0010","40.3034","-74.04","12.8","2018-06-03","0.00","0.0"
"US1NJMN0010","40.3034","-74.04","12.8","2018-06-04","0.74",
"US1NJMN0010","40.3034","-74.04","12.8","2018-06-05","0.02",
"US1NJMN0010","40.3034","-74.04","12.8","2018-06-06","0.14",
"US1NJMN0010","40.3034","-74.04","12.8","2018-06-07","0.00",
"US1NJMN0010","40.3034","-74.04","12.8","2018-06-08","0.00","0.0"
"US1NJMN0010","40.3034","-74.04","12.8","2018-06-09","0.00","0.0"
"US1NJMN0010","40.3034","-74.04","12.8","2018-06-10","0.00","0.0"
"US1NJMN0010","40.3034","-74.04","12.8","2018-06-11","0.82",
"US1NJMN0010","40.3034","-74.04","12.8","2018-06-12","0.01",
"US1NJMN0010","40.3034","-74.04","12.8","2018-06-13","0.00","0.0"
"US1NJMN0010","40.3034","-74.04","12.8","2018-06-14","0.00",
"US1NJMN0010","40.3034","-74.04","12.8","2018-06-15","0.00","0.0"
"US1NJMN0010","40.3034","-74.04","12.8","2018-06-16","0.00","0.0"
"US1NJMN0010","40.3034","-74.04","12.8","2018-06-17","0.00","0.0"
"US1NJMN0010","40.3034","-74.04","12.8","2018-06-18","0.00","0.0"
"US1NJMN0010","40.3034","-74.04","12.8","2018-06-19","0.07",
"US1NJMN0010","40.3034","-74.04","12.8","2018-06-20","0.00","0.0"
"US1NJMN0010","40.3034","-74.04","12.8","2018-06-21","0.01",
"US1NJMN0010","40.3034","-74.04","12.8","2018-06-22","0.00","0.0"
"US1NJMN0010","40.3034","-74.04","12.8","2018-06-23","0.07",
"US1NJMN0010","40.3034","-74.04","12.8","2018-06-24","0.02",
"US1NJMN0010","40.3034","-74.04","12.8","2018-06-25","0.02",
"US1NJMN0010","40.3034","-74.04","12.8","2018-06-26","0.00","0.0"
"US1NJMN0010","40.3034","-74.04","12.8","2018-06-27","0.00","0.0"
"US1NJMN0010","40.3034","-74.04","12.8","2018-06-28","0.12",
"US1NJMN0010","40.3034","-74.04","12.8","2018-06-29","0.00",
"US1NJMN0010","40.3034","-74.04","12.8","2018-06-30","0.00","0.0"
"US1NJMN0010","40.3034","-74.04","12.8","2018-07-01","0.00","0.0"
"US1NJMN0010","40.3034","-74.04","12.8","2018-07-02","0.00","0.0"
"US1NJMN0010","40.3034","-74.04","12.8","2018-07-03","0.00","0.0"
"US1NJMN0010","40.3034","-74.04","12.8","2018-07-04","0.00",
"US1NJMN0010","40.3034","-74.04","12.8","2018-07-05","0.00","0.0"
"US1NJMN0010","40.3034","-74.04","12.8","2018-07-06","0.00","0.0"
"US1NJMN0010","40.3034","-74.04","12.8","2018-07-07","0.41",
"US1NJMN0010","40.3034","-74.04","12.8","2018-07-08","0.00","0.0"
"US1NJMN0010","40.3034","-74.04","12.8","2018-07-09","0.00","0.0"
"US1NJMN0010","40.3034","-74.04","12.8","2018-07-10","0.00","0.0"
"US1NJMN0010","40.3034","-74.04","12.8","2018-07-11","0.00","0.0"
"US1NJMN0010","40.3034","-74.04","12.8","2018-07-12","0.00",
"US1NJMN0010","40.3034","-74.04","12.8","2018-07-13","0.00","0.0"
"US1NJMN0010","40.3034","-74.04","12.8","2018-07-14","0.00","0.0"
"US1NJMN0010","40.3034","-74.04","12.8","2018-07-15","0.01",
"US1NJMN0010","40.3034","-74.04","12.8","2018-07-16","1.43",
"US1NJMN0010","40.3034","-74.04","12.8","2018-07-17","0.00","0.0"
"US1NJMN0010","40.3034","-74.04","12.8","2018-07-18","0.88",
"US1NJMN0010","40.3034","-74.04","12.8","2018-07-19","0.00","0.0"
"US1NJMN0010","40.3034","-74.04","12.8","2018-07-20","0.00","0.0"
"US1NJMN0010","40.3034","-74.04","12.8","2018-07-21","0.00","0.0"
"US1NJMN0010","40.3034","-74.04","12.8","2018-07-22","1.12",
"US1NJMN0010","40.3034","-74.04","12.8","2018-07-23","0.37",
"US1NJMN0010","40.3034","-74.04","12.8","2018-07-24","0.06",
"US1NJMN0010","40.3034","-74.04","12.8","2018-07-25","0.37",
"US1NJMN0010","40.3034","-74.04","12.8","2018-07-26","0.67",
"US1NJMN0010","40.3034","-74.04","12.8","2018-07-27","0.00",
"US1NJMN0010","40.3034","-74.04","12.8","2018-07-28","0.04",
"US1NJMN0010","40.3034","-74.04","12.8","2018-07-29","0.01",
"US1NJMN0010","40.3034","-74.04","12.8","2018-07-30","0.00","0.0"
"US1NJMN0010","40.3034","-74.04","12.8","2018-07-31","0.00","0.0"
"US1NJMN0010","40.3034","-74.04","12.8","2018-08-01","0.01",
"US1NJMN0010","40.3034","-74.04","12.8","2018-08-02","0.02",
"US1NJMN0010","40.3034","-74.04","12.8","2018-08-03","0.00",
"US1NJMN0010","40.3034","-74.04","12.8","2018-08-04","1.01",
"US1NJMN0010","40.3034","-74.04","12.8","2018-08-05","0.07",
"US1NJMN0010","40.3034","-74.04","12.8","2018-08-06","0.00","0.0"
"US1NJMN0010","40.3034","-74.04","12.8","2018-08-07","0.00","0.0"
"US1NJMN0010","40.3034","-74.04","12.8","2018-08-08","0.44",
"US1NJMN0010","40.3034","-74.04","12.8","2018-08-09","0.00",
"US1NJMN0010","40.3034","-74.04","12.8","2018-08-10","0.00","0.0"
"US1NJMN0010","40.3034","-74.04","12.8","2018-08-11","0.00","0.0"
"US1NJMN0010","40.3034","-74.04","12.8","2018-08-12","0.38",
"US1NJMN0010","40.3034","-74.04","12.8","2018-08-19","0.53",
"US1NJMN0010","40.3034","-74.04","12.8","2018-08-20","0.59",
"US1NJMN0010","40.3034","-74.04","12.8","2018-08-21","0.00","0.0"
"US1NJMN0010","40.3034","-74.04","12.8","2018-08-22","0.32",
"US1NJMN0010","40.3034","-74.04","12.8","2018-08-23","0.00","0.0"
"US1NJMN0010","40.3034","-74.04","12.8","2018-08-24","0.00","0.0"
"US1NJMN0010","40.3034","-74.04","12.8","2018-08-25","0.00","0.0"
"US1NJMN0010","40.3034","-74.04","12.8","2018-08-26","0.00","0.0"
"US1NJMN0010","40.3034","-74.04","12.8","2018-08-27","0.00","0.0"
"US1NJMN0010","40.3034","-74.04","12.8","2018-08-28","0.00","0.0"
"US1NJMN0010","40.3034","-74.04","12.8","2018-08-29","0.00","0.0"
"US1NJMN0010","40.3034","-74.04","12.8","2018-08-30","0.00","0.0"
"US1NJMN0010","40.3034","-74.04","12.8","2018-08-31","0.85",
"US1NJMN0010","40.3034","-74.04","12.8","2018-09-01","0.04",
"US1NJMN0010","40.3034","-74.04","12.8","2018-09-02","0.00","0.0"
"US1NJMN0010","40.3034","-74.04","12.8","2018-09-03","0.00","0.0"
"US1NJMN0010","40.3034","-74.04","12.8","2018-09-04","0.00","0.0"
"US1NJMN0010","40.3034","-74.04","12.8","2018-09-05","0.00","0.0"
"US1NJMN0010","40.3034","-74.04","12.8","2018-09-06","0.00","0.0"
"US1NJMN0010","40.3034","-74.04","12.8","2018-09-07","0.02",
"US1NJMN0010","40.3034","-74.04","12.8","2018-09-08","0.94",
"US1NJMN0010","40.3034","-74.04","12.8","2018-09-09","0.15",
"US1NJMN0010","40.3034","-74.04","12.8","2018-09-10","1.33",
"US1NJMN0010","40.3034","-74.04","12.8","2018-09-11","2.75",
"US1NJMN0010","40.3034","-74.04","12.8","2018-09-12","0.14",
"US1NJMN0010","40.3034","-74.04","12.8","2018-09-13","0.04",
"US1NJMN0010","40.3034","-74.04","12.8","2018-09-14","0.07",
"US1NJMN0010","40.3034","-74.04","12.8","2018-09-15","0.01",
"US1NJMN0010","40.3034","-74.04","12.8","2018-09-16","0.00","0.0"
"US1NJMN0010","40.3034","-74.04","12.8","2018-09-17","0.00","0.0"
"US1NJMN0010","40.3034","-74.04","12.8","2018-09-18","0.00",
"US1NJMN0010","40.3034","-74.04","12.8","2018-09-19","0.21",
"US1NJMN0010","40.3034","-74.04","12.8","2018-09-20","0.00",
"US1NJMN0010","40.3034","-74.04","12.8","2018-09-21","0.00","0.0"
"US1NJMN0010","40.3034","-74.04","12.8","2018-09-22","0.00",
"US1NJMN0010","40.3034","-74.04","12.8","2018-09-23","0.02",
"US1NJMN0010","40.3034","-74.04","12.8","2018-09-24","0.51",
"US1NJMN0010","40.3034","-74.04","12.8","2018-09-25","0.51",
"US1NJMN0010","40.3034","-74.04","12.8","2018-09-26","0.74",
"US1NJMN0010","40.3034","-74.04","12.8","2018-09-27","0.29",
"US1NJMN0010","40.3034","-74.04","12.8","2018-09-28","1.35",
"US1NJMN0010","40.3034","-74.04","12.8","2018-09-29","0.02",
"US1NJMN0010","40.3034","-74.04","12.8","2018-09-30","0.00","0.0"
"US1NJMN0010","40.3034","-74.04","12.8","2018-10-01","0.00","0.0"
"US1NJMN0010","40.3034","-74.04","12.8","2018-10-02","0.00","0.0"
"US1NJMN0010","40.3034","-74.04","12.8","2018-10-03","0.58",
"US1NJMN0010","40.3034","-74.04","12.8","2018-10-04","0.00","0.0"
"US1NJMN0010","40.3034","-74.04","12.8","2018-10-05","0.00","0.0"
"US1NJMN0010","40.3034","-74.04","12.8","2018-10-06","0.00","0.0"
"US1NJMN0010","40.3034","-74.04","12.8","2018-10-07","0.00",
"US1NJMN0010","40.3034","-74.04","12.8","2018-10-08","0.00","0.0"
"US1NJMN0010","40.3034","-74.04","12.8","2018-10-09","0.07",
"US1NJMN0010","40.3034","-74.04","12.8","2018-10-10","0.00","0.0"
"US1NJMN0010","40.3034","-74.04","12.8","2018-10-11","0.00",
"US1NJMN0010","40.3034","-74.04","12.8","2018-10-12","2.95",
"US1NJMN0010","40.3034","-74.04","12.8","2018-10-13","0.02",
"US1NJMN0010","40.3034","-74.04","12.8","2018-10-14","0.04",
"US1NJMN0010","40.3034","-74.04","12.8","2018-10-15","0.00",
"US1NJMN0010","40.3034","-74.04","12.8","2018-10-16","0.27",
"US1NJMN0010","40.3034","-74.04","12.8","2018-10-17","0.00","0.0"
"US1NJMN0010","40.3034","-74.04","12.8","2018-10-18","0.00","0.0"
"US1NJMN0010","40.3034","-74.04","12.8","2018-10-19","0.00","0.0"
"US1NJMN0010","40.3034","-74.04","12.8","2018-10-20","0.08",
"US1NJMN0010","40.3034","-74.04","12.8","2018-10-21","0.00",
"US1NJMN0010","40.3034","-74.04","12.8","2018-10-22","0.00","0.0"
"US1NJMN0010","40.3034","-74.04","12.8","2018-10-23","0.00","0.0"
"US1NJMN0010","40.3034","-74.04","12.8","2018-10-24","0.00",
"US1NJMN0010","40.3034","-74.04","12.8","2018-10-25","0.00","0.0"
"US1NJMN0010","40.3034","-74.04","12.8","2018-10-26","0.00","0.0"
"US1NJMN0010","40.3034","-74.04","12.8","2018-10-27","0.97",
"US1NJMN0010","40.3034","-74.04","12.8","2018-10-28","1.04",
"US1NJMN0010","40.3034","-74.04","12.8","2018-10-29","0.04",
"US1NJMN0010","40.3034","-74.04","12.8","2018-10-30","0.00","0.0"
"US1NJMN0010","40.3034","-74.04","12.8","2018-10-31","0.00","0.0"
"US1NJMN0010","40.3034","-74.04","12.8","2018-11-01","0.00","0.0"
"US1NJMN0010","40.3034","-74.04","12.8","2018-11-02","0.01",
"US1NJMN0010","40.3034","-74.04","12.8","2018-11-03","0.43",
"US1NJMN0010","40.3034","-74.04","12.8","2018-11-04","0.00",
"US1NJMN0010","40.3034","-74.04","12.8","2018-11-05","0.00","0.0"
"US1NJMN0010","40.3034","-74.04","12.8","2018-11-06","0.57",
"US1NJMN0010","40.3034","-74.04","12.8","2018-11-07","0.40",
"US1NJMN0010","40.3034","-74.04","12.8","2018-11-08","0.00",
"US1NJMN0010","40.3034","-74.04","12.8","2018-11-09","0.00","0.0"
"US1NJMN0010","40.3034","-74.04","12.8","2018-11-10","0.96",
"US1NJMN0010","40.3034","-74.04","12.8","2018-11-11","0.00",
"US1NJMN0010","40.3034","-74.04","12.8","2018-11-12","0.00","0.0"
"US1NJMN0010","40.3034","-74.04","12.8","2018-11-13","0.75",
"US1NJMN0010","40.3034","-74.04","12.8","2018-11-14","0.59",
"US1NJMN0010","40.3034","-74.04","12.8","2018-11-15","0.00","0.0"
"US1NJMN0010","40.3034","-74.04","12.8","2018-11-16","2.03",
"US1NJMN0010","40.3034","-74.04","12.8","2018-11-17","0.05",
"US1NJMN0010","40.3034","-74.04","12.8","2018-11-18","0.00","0.0"
"US1NJMN0010","40.3034","-74.04","12.8","2018-11-19","0.00","0.0"
"US1NJMN0010","40.3034","-74.04","12.8","2018-11-20","0.03",
"US1NJMN0010","40.3034","-74.04","12.8","2018-11-21","0.00",
"US1NJMN0010","40.3034","-74.04","12.8","2018-11-22","0.00","0.0"
"US1NJMN0010","40.3034","-74.04","12.8","2018-11-23","0.00","0.0"
"US1NJMN0010","40.3034","-74.04","12.8","2018-11-24","0.00","0.0"
"US1NJMN0010","40.3034","-74.04","12.8","2018-11-25","2.39",
"US1NJMN0010","40.3034","-74.04","12.8","2018-11-26","0.00","0.0"
"US1NJMN0010","40.3034","-74.04","12.8","2018-11-27","1.18",
"US1NJMN0010","40.3034","-74.04","12.8","2018-11-28","0.00",
"US1NJMN0010","40.3034","-74.04","12.8","2018-11-29","0.00","0.0"
"US1NJMN0010","40.3034","-74.04","12.8","2018-11-30","0.00","0.0"
"US1NJMN0010","40.3034","-74.04","12.8","2018-12-01","0.00",
"US1NJMN0010","40.3034","-74.04","12.8","2018-12-02","0.64",
"US1NJMN0010","40.3034","-74.04","12.8","2018-12-03","0.09",
"US1NJMN0010","40.3034","-74.04","12.8","2018-12-04","0.00","0.0"
"US1NJMN0010","40.3034","-74.04","12.8","2018-12-05","0.00","0.0"
"US1NJMN0010","40.3034","-74.04","12.8","2018-12-06","0.00","0.0"
"US1NJMN0010","40.3034","-74.04","12.8","2018-12-07","0.00","0.0"
"US1NJMN0010","40.3034","-74.04","12.8","2018-12-08","0.00","0.0"
"US1NJMN0010","40.3034","-74.04","12.8","2018-12-09","0.00","0.0"
"US1NJMN0010","40.3034","-74.04","12.8","2018-12-10","0.00","0.0"
"US1NJMN0010","40.3034","-74.04","12.8","2018-12-11","0.00","0.0"
"US1NJMN0010","40.3034","-74.04","12.8","2018-12-12","0.00","0.0"
"US1NJMN0010","40.3034","-74.04","12.8","2018-12-13","0.00","0.0"
"US1NJMN0010","40.3034","-74.04","12.8","2018-12-14","0.00",
"US1NJMN0010","40.3034","-74.04","12.8","2018-12-15","0.12",
"US1NJMN0010","40.3034","-74.04","12.8","2018-12-16","0.61",
"US1NJMN0010","40.3034","-74.04","12.8","2018-12-17","0.99",
"US1NJMN0010","40.3034","-74.04","12.8","2018-12-18","0.00","0.0"
"US1NJMN0010","40.3034","-74.04","12.8","2018-12-19","0.00","0.0"
"US1NJMN0010","40.3034","-74.04","12.8","2018-12-20","0.00","0.0"
"US1NJMN0010","40.3034","-74.04","12.8","2018-12-21","1.35",
"US1NJMN0010","40.3034","-74.04","12.8","2018-12-22","0.88",
"US1NJMN0010","40.3034","-74.04","12.8","2018-12-23","0.00",
"US1NJMN0010","40.3034","-74.04","12.8","2018-12-24","0.02",
"US1NJMN0010","40.3034","-74.04","12.8","2018-12-25","0.00","0.0"
"US1NJMN0010","40.3034","-74.04","12.8","2018-12-26","0.00","0.0"
"US1NJMN0010","40.3034","-74.04","12.8","2018-12-27","0.00","0.0"
"US1NJMN0010","40.3034","-74.04","12.8","2018-12-28","0.16",
"US1NJMN0010","40.3034","-74.04","12.8","2018-12-29","1.01",
"US1NJMN0010","40.3034","-74.04","12.8","2018-12-30","0.00","0.0"
